9846,4,5662,6035692,10,588000000,10588000000,5,1910,0,0,0,0,1,3492,1332,0,0,0,1
9846,4,5662,6035692,10,588000000,10588000000,5,1910,0,0,0,0,3,6472832,3362,1725,0,1725,1
9846,4,5662,6035692,10,588000000,10588000000,5,1910,0,0,0,0,2,3472,1172,0,0,0,1
9846,4,5662,6035692,10,588000000,10588000000,5,1910,0,0,0,0,1,3542,6470592,0,1725,1725,1
9846,4,5662,6035692,10,588000000,10588000000,5,1910,0,0,0,0,1,3472,1332,0,0,0,1
9846,4,5662,6035692,10,588000000,10588000000,5,1910,0,0,0,0,4,3362,3236,0,0,0,1
9846,4,5662,6035692,10,588000000,10588000000,5,1910,0,0,0,0,3,98996058,3488,6384,0,6384,1
9846,4,5662,6035692,10,588000000,10588000000,5,1910,0,0,0,0,3,98995016,3381,6384,0,6384,1
11245,4,8960,9551360,18,814000000,18814000000,5,1298,0,0,0,0,4,3572,105431508,0,6529,6529,1
11245,4,8960,9551360,18,814000000,18814000000,5,1298,0,0,0,0,2,173499126,1634,13046,0,13046,1
11245,4,8960,9551360,18,814000000,18814000000,5,1298,0,0,0,0,4,68070744,3530,6517,0,6517,1
11245,4,8960,9551360,18,814000000,18814000000,5,1298,0,0,0,0,1,3309,1422,0,0,0,1
9876,4,86865,92598090,191,870000000,1.92E+11,5,1910,13526,14418716,450,0,3,3022,3362,0,0,0,0
9846,4,5662,6035692,10,588000000,10588000000,5,1910,0,0,0,0,2,3236,3362,0,0,0,1
11155,4,36097,38479402,79,286000000,79286000000,3,558,13593,14490138,453,0,4,3143,3059,0,0,0,0
11155,4,36097,38479402,79,286000000,79286000000,3,558,13593,14490138,453,0,3,3059,3143,0,0,0,0
11155,4,36097,38479402,79,286000000,79286000000,3,558,13593,14490138,453,0,3,38853513,3185,3838,0,3838,0
11155,4,36097,38479402,79,286000000,79286000000,3,558,13593,14490138,453,0,2,3363,1262,0,0,0,0
11155,4,36097,38479402,79,286000000,79286000000,3,558,13593,14490138,453,0,1,3273,1262,0,0,0,0
11155,4,36097,38479402,79,286000000,79286000000,3,558,13593,14490138,453,0,1,3273,1102,0,0,0,0
11155,4,36097,38479402,79,286000000,79286000000,3,558,13593,14490138,453,0,3,3059,3143,0,0,0,0
11155,4,36097,38479402,79,286000000,79286000000,3,558,13593,14490138,453,0,2,3315,14836708,0,3838,3838,0
11155,4,36097,38479402,79,286000000,79286000000,3,558,13593,14490138,453,0,1,3048,1352,0,0,0,0
11155,4,36097,38479402,79,286000000,79286000000,3,558,13593,14490138,453,0,3,3143,3059,0,0,0,0
11155,4,36097,38479402,79,286000000,79286000000,3,558,13593,14490138,453,0,2,3323,1262,0,0,0,0
11155,4,36097,38479402,79,286000000,79286000000,3,558,13593,14490138,453,0,4,14838665,3185,3838,0,3838,0
11155,4,36097,38479402,79,286000000,79286000000,3,558,13593,14490138,453,0,4,3059,3143,0,0,0,0
11155,4,13867,14782222,30,777000000,30777000000,3,558,13593,14490138,453,0,1,3253,1102,0,0,0,0
11155,4,36097,38479402,79,286000000,79286000000,3,558,13593,14490138,453,0,1,3253,1352,0,0,0,0
11155,4,36097,38479402,79,286000000,79286000000,3,558,13593,14490138,453,0,4,3185,38853513,0,3838,3838,0
11155,4,36097,38479402,79,286000000,79286000000,3,558,13593,14490138,453,0,3,3059,3143,0,0,0,0
11155,4,13867,14782222,30,777000000,30777000000,3,558,13593,14490138,453,0,2,3166,1352,0,0,0,0
11155,4,13867,14782222,30,777000000,30777000000,3,558,13593,14490138,453,0,1,3273,1102,0,0,0,0
11155,4,13867,14782222,30,777000000,30777000000,3,558,13593,14490138,453,0,4,3143,3059,0,0,0,0
11155,4,13867,14782222,30,777000000,30777000000,3,558,13593,14490138,453,0,2,3323,1262,0,0,0,0
11155,4,13867,14782222,30,777000000,30777000000,3,558,13593,14490138,453,0,2,3059,3143,0,0,0,0
11155,4,13867,14782222,30,777000000,30777000000,3,558,13593,14490138,453,0,1,3363,1352,0,0,0,0
11155,4,13867,14782222,30,777000000,30777000000,3,558,13593,14490138,453,0,3,3143,3059,0,0,0,0
11155,4,13867,14782222,30,777000000,30777000000,3,558,13593,14490138,453,0,2,3059,3143,0,0,0,0
11155,4,13867,14782222,30,777000000,30777000000,3,558,13593,14490138,453,0,3,3143,3059,0,0,0,0
11155,4,13867,14782222,30,777000000,30777000000,3,558,13593,14490138,453,0,4,3185,38853513,0,3838,3838,0
9876,4,86865,92598090,191,870000000,1.92E+11,5,1910,13526,14418716,450,0,2,3472,1172,0,0,0,0
11155,4,36097,38479402,79,286000000,79286000000,3,558,13593,14490138,453,0,1,3323,1102,0,0,0,0
9876,4,19189,20455474,40,594000000,40594000000,5,1910,13527,14419782,450,0,1,3584,20862700,0,3837,3837,0
9876,4,19189,20455474,40,594000000,40594000000,5,1910,13527,14419782,450,0,3,20864940,3404,3837,0,3837,0
9876,4,19189,20455474,40,594000000,40594000000,5,1910,13527,14419782,450,0,3,3022,3362,0,0,0,0
9876,4,19189,20455474,40,594000000,40594000000,5,1910,13527,14419782,450,0,3,3572,89738344,0,7674,7674,0
9876,4,19189,20455474,40,594000000,40594000000,5,1910,13527,14419782,450,0,1,213114126,1676,14176,0,14176,0
9876,4,19189,20455474,40,594000000,40594000000,5,1910,13527,14419782,450,0,4,3530,123378838,0,6502,6502,0
9876,4,19189,20455474,40,594000000,40594000000,5,1910,13527,14419782,450,0,2,3472,1172,0,0,0,0
9876,4,19189,20455474,40,594000000,40594000000,5,1910,13527,14419782,450,0,4,89736212,3572,7673,0,7673,0
9876,4,19189,20455474,40,594000000,40594000000,5,1910,13527,14419782,450,0,3,123376730,3423,6501,0,6501,0
9876,4,19189,20455474,40,594000000,40594000000,5,1910,13527,14419782,450,0,1,3542,1086,0,0,0,0
9876,4,19189,20455474,40,594000000,40594000000,5,1910,13527,14419782,450,0,2,3472,1172,0,0,0,0
9876,4,19189,20455474,40,594000000,40594000000,5,1910,13527,14419782,450,0,4,3362,3022,0,0,0,0
9876,4,19189,20455474,40,594000000,40594000000,5,1910,13527,14419782,450,0,2,3267,1172,0,0,0,0
11155,4,36097,38479402,79,286000000,79286000000,3,558,13593,14490138,453,0,3,3185,14839731,0,3838,3838,0
9876,4,19189,20455474,40,594000000,40594000000,5,1910,13527,14419782,450,0,3,123378838,3530,6502,0,6502,0
11155,4,36097,38479402,79,286000000,79286000000,3,558,13593,14490138,453,0,2,53690295,1270,7676,0,7676,0
9876,4,19189,20455474,40,594000000,40594000000,5,1910,13527,14419782,450,0,3,3572,89736212,0,7673,7673,0
9876,4,19189,20455474,40,594000000,40594000000,5,1910,13527,14419782,450,0,4,3423,123378838,0,6502,6502,0
9876,4,19189,20455474,40,594000000,40594000000,5,1910,13527,14419782,450,0,3,3362,3236,0,0,0,0
9876,4,19189,20455474,40,594000000,40594000000,5,1910,13527,14419782,450,0,3,3236,3362,0,0,0,0
9876,4,19189,20455474,40,594000000,40594000000,5,1910,13527,14419782,450,0,2,3236,3362,0,0,0,0
9876,4,19189,20455474,40,594000000,40594000000,5,1910,13527,14419782,450,0,1,3582,1332,0,0,0,0
9876,4,19189,20455474,40,594000000,40594000000,5,1910,13527,14419782,450,0,2,3492,1422,0,0,0,0
9876,4,19189,20455474,40,594000000,40594000000,5,1910,13527,14419782,450,0,4,3362,3236,0,0,0,0
9876,4,19189,20455474,40,594000000,40594000000,5,1910,13527,14419782,450,0,1,3369,1332,0,0,0,0
9876,4,19189,20455474,40,594000000,40594000000,5,1910,13527,14419782,450,0,2,3236,3362,0,0,0,0
9876,4,19189,20455474,40,594000000,40594000000,5,1910,13527,14419782,450,0,1,3492,1332,0,0,0,0
11155,4,36097,38479402,79,286000000,79286000000,3,558,13593,14490138,453,0,1,3253,1102,0,0,0,0
11155,4,13867,14782222,30,777000000,30777000000,3,558,13593,14490138,453,0,2,3273,1352,0,0,0,0
9876,4,19189,20455474,40,594000000,40594000000,5,1910,13527,14419782,450,0,3,3236,3362,0,0,0,0
9936,4,46100,49142600,100,594000000,1.01E+11,6,1931,13526,14418716,450,0,2,3689,1332,0,0,0,0
9936,4,16682,17382644,53,329000000,53329000000,6,1931,9435,9831270,314,0,1,3599,1332,0,0,0,1
9936,4,16682,17382644,53,329000000,53329000000,6,1931,9435,9831270,314,0,3,3413,3539,0,0,0,1
9936,4,16682,17382644,53,329000000,53329000000,6,1931,9435,9831270,314,0,1,3546,1402,0,0,0,1
9936,4,16682,17382644,53,329000000,53329000000,6,1931,9435,9831270,314,0,1,3579,1402,0,0,0,1
9936,4,16682,17382644,53,329000000,53329000000,6,1931,9435,9831270,314,0,2,3599,1492,0,0,0,1
9936,4,16682,17382644,53,329000000,53329000000,6,1931,9435,9831270,314,0,4,3539,3413,0,0,0,1
9936,4,16682,17382644,53,329000000,53329000000,6,1931,9435,9831270,314,0,1,336638161,1928,16751,0,16751,1
9936,4,16682,17382644,53,329000000,53329000000,6,1931,9435,9831270,314,0,2,3649,1172,0,0,0,1
9936,4,16682,17382644,53,329000000,53329000000,6,1931,9435,9831270,314,0,4,3539,3199,0,0,0,1
9936,4,16682,17382644,53,329000000,53329000000,6,1931,9435,9831270,314,0,2,3444,1172,0,0,0,1
9936,4,16682,17382644,53,329000000,53329000000,6,1931,9435,9831270,314,0,1,3775,49659778,0,3839,3839,1
9936,4,46100,49142600,100,594000000,1.01E+11,6,1931,13526,14418716,450,0,4,3539,3413,0,0,0,0
11155,4,13867,14782222,30,777000000,30777000000,3,558,13593,14490138,453,0,4,3143,3059,0,0,0,0
9936,4,46100,49142600,100,594000000,1.01E+11,6,1931,13526,14418716,450,0,3,3199,3539,0,0,0,0
9936,4,16682,17382644,53,329000000,53329000000,6,1931,9435,9831270,314,0,1,3943,115153380,0,6459,6459,1
9936,4,46100,49142600,100,594000000,1.01E+11,6,1931,13526,14418716,450,0,3,3539,3343,0,0,0,0
9936,4,46100,49142600,100,594000000,1.01E+11,6,1931,13526,14418716,450,0,3,171824953,3572,6452,0,6452,0
9936,4,46100,49142600,100,594000000,1.01E+11,6,1931,13526,14418716,450,0,2,3899,171822852,0,6452,6452,0
9936,4,46100,49142600,100,594000000,1.01E+11,6,1931,13526,14418716,450,0,4,3539,3343,0,0,0,0
9936,4,46100,49142600,100,594000000,1.01E+11,6,1931,13526,14418716,450,0,1,3579,1332,0,0,0,0
9936,4,46100,49142600,100,594000000,1.01E+11,6,1931,13526,14418716,450,0,2,3579,1172,0,0,0,0
9936,4,46100,49142600,100,594000000,1.01E+11,6,1931,13526,14418716,450,0,1,3669,1402,0,0,0,0
9936,4,46100,49142600,100,594000000,1.01E+11,6,1931,13526,14418716,450,0,4,3572,171824953,0,6451,6451,0
9936,4,46100,49142600,100,594000000,1.01E+11,6,1931,13526,14418716,450,0,3,3343,3539,0,0,0,0
9936,4,46100,49142600,100,594000000,1.01E+11,6,1931,13526,14418716,450,0,2,3579,1172,0,0,0,0
9936,4,46100,49142600,100,594000000,1.01E+11,6,1931,13526,14418716,450,0,3,171824953,3749,6451,0,6451,0
9936,4,46100,49142600,100,594000000,1.01E+11,6,1931,13526,14418716,450,0,4,3749,171824953,0,6452,6452,0
9936,4,46100,49142600,100,594000000,1.01E+11,6,1931,13526,14418716,450,0,1,3759,1332,0,0,0,0
9936,4,16682,17382644,53,329000000,53329000000,6,1931,9435,9831270,314,0,2,3579,1172,0,0,0,1
11155,4,13867,14782222,30,777000000,30777000000,3,558,13593,14490138,453,0,1,3253,1102,0,0,0,0
9936,4,16682,17382644,53,329000000,53329000000,6,1931,9435,9831270,314,0,4,3539,3413,0,0,0,1
9936,4,16682,17382644,53,329000000,53329000000,6,1931,9435,9831270,314,0,1,3759,1332,0,0,0,1
9936,4,16682,17382644,53,329000000,53329000000,6,1931,9435,9831270,314,0,3,3199,3539,0,0,0,1
9936,4,16682,17382644,53,329000000,53329000000,6,1931,9435,9831270,314,0,2,3689,1332,0,0,0,1
9936,4,16682,17382644,53,329000000,53329000000,6,1931,9435,9831270,314,0,3,3539,3343,0,0,0,1
9936,4,16682,17382644,53,329000000,53329000000,6,1931,9435,9831270,314,0,3,171824953,3572,6452,0,6452,1
9936,4,16682,17382644,53,329000000,53329000000,6,1931,9435,9831270,314,0,2,3899,171822852,0,6452,6452,1
9936,4,16682,17382644,53,329000000,53329000000,6,1931,9435,9831270,314,0,4,3539,3343,0,0,0,1
9936,4,16682,17382644,53,329000000,53329000000,6,1931,9435,9831270,314,0,1,3579,1332,0,0,0,1
9936,4,16682,17382644,53,329000000,53329000000,6,1931,9435,9831270,314,0,2,3579,1172,0,0,0,1
9936,4,16682,17382644,53,329000000,53329000000,6,1931,9435,9831270,314,0,1,3669,1402,0,0,0,1
9936,4,16682,17382644,53,329000000,53329000000,6,1931,9435,9831270,314,0,2,3343,3539,0,0,0,1
9936,4,16682,17382644,53,329000000,53329000000,6,1931,9435,9831270,314,0,3,3343,3539,0,0,0,1
9936,4,16682,17382644,53,329000000,53329000000,6,1931,9435,9831270,314,0,1,3689,1332,0,0,0,1
9936,4,16682,17382644,53,329000000,53329000000,6,1931,9435,9831270,314,0,3,171824953,3749,6451,0,6451,1
9936,4,16682,17382644,53,329000000,53329000000,6,1931,9435,9831270,314,0,4,3749,171824953,0,6452,6452,1
9936,4,16682,17382644,53,329000000,53329000000,6,1931,9435,9831270,314,0,3,49662055,3665,3839,0,3839,1
9936,4,16682,17382644,53,329000000,53329000000,6,1931,9435,9831270,314,0,2,3413,3539,0,0,0,1
9936,4,16682,17382644,53,329000000,53329000000,6,1931,9435,9831270,314,0,3,3959,164816371,0,10298,10298,1
9936,4,16682,17382644,53,329000000,53329000000,6,1931,9435,9831270,314,0,3,3889,164814263,0,10298,10298,1
9936,4,16682,17382644,53,329000000,53329000000,6,1931,9435,9831270,314,0,2,3649,1242,0,0,0,1
9936,4,16682,17382644,53,329000000,53329000000,6,1931,9435,9831270,314,0,1,3719,1156,0,0,0,1
9936,4,16682,17382644,53,329000000,53329000000,6,1931,9435,9831270,314,0,4,164814263,3959,10298,0,10298,1
9936,4,16682,17382644,53,329000000,53329000000,6,1931,9435,9831270,314,0,3,3665,49662055,0,3839,3839,1
9936,4,16682,17382644,53,329000000,53329000000,6,1931,9435,9831270,314,0,2,3719,1172,0,0,0,1
9936,4,16682,17382644,53,329000000,53329000000,6,1931,9435,9831270,314,0,4,164814263,3889,10298,0,10298,1
9876,4,19189,20455474,40,594000000,40594000000,5,1910,13527,14419782,450,0,1,3710,68878840,0,3837,3837,0
9936,4,16682,17382644,53,329000000,53329000000,6,1931,9435,9831270,314,0,4,3572,171824953,0,6451,6451,1
9876,4,64295,68538470,141,313000000,1.41E+11,5,1910,13526,14418716,450,0,2,3472,1172,0,0,0,0
9876,4,64295,68538470,141,313000000,1.41E+11,5,1910,13526,14418716,450,0,3,3404,20864940,0,3837,3837,0
9876,4,64295,68538470,141,313000000,1.41E+11,5,1910,13526,14418716,450,0,4,3362,3236,0,0,0,0
9876,4,64295,68538470,141,313000000,1.41E+11,5,1910,13526,14418716,450,0,2,3750,123374666,0,6501,6501,0
9876,4,64295,68538470,141,313000000,1.41E+11,5,1910,13526,14418716,450,0,4,3362,3236,0,0,0,0
9876,4,64295,68538470,141,313000000,1.41E+11,5,1910,13526,14418716,450,0,1,3582,1332,0,0,0,0
9876,4,64295,68538470,141,313000000,1.41E+11,5,1910,13526,14418716,450,0,2,3582,1332,0,0,0,0
9876,4,64295,68538470,141,313000000,1.41E+11,5,1910,13526,14418716,450,0,1,3710,68878840,0,3837,3837,0
9876,4,64295,68538470,141,313000000,1.41E+11,5,1910,13526,14418716,450,0,1,3492,1332,0,0,0,0
9876,4,64295,68538470,141,313000000,1.41E+11,5,1910,13526,14418716,450,0,2,3472,1172,0,0,0,0
9876,4,64295,68538470,141,313000000,1.41E+11,5,1910,13526,14418716,450,0,3,20864940,3404,3837,0,3837,0
9876,4,64295,68538470,141,313000000,1.41E+11,5,1910,13526,14418716,450,0,3,3022,3362,0,0,0,0
9876,4,64295,68538470,141,313000000,1.41E+11,5,1910,13526,14418716,450,0,3,3572,89738344,0,7674,7674,0
9876,4,19189,20455474,40,594000000,40594000000,5,1910,13527,14419782,450,0,2,3472,1172,0,0,0,0
9876,4,64295,68538470,141,313000000,1.41E+11,5,1910,13526,14418716,450,0,4,3530,123378838,0,6502,6502,0
9876,4,64295,68538470,141,313000000,1.41E+11,5,1910,13526,14418716,450,0,1,3472,1332,0,0,0,0
9876,4,64295,68538470,141,313000000,1.41E+11,5,1910,13526,14418716,450,0,4,89736212,3572,7673,0,7673,0
9876,4,64295,68538470,141,313000000,1.41E+11,5,1910,13526,14418716,450,0,3,123376730,3423,6501,0,6501,0
9876,4,64295,68538470,141,313000000,1.41E+11,5,1910,13526,14418716,450,0,1,3542,1086,0,0,0,0
9876,4,64295,68538470,141,313000000,1.41E+11,5,1910,13526,14418716,450,0,2,3472,1172,0,0,0,0
9876,4,64295,68538470,141,313000000,1.41E+11,5,1910,13526,14418716,450,0,4,3362,3022,0,0,0,0
9876,4,64295,68538470,141,313000000,1.41E+11,5,1910,13526,14418716,450,0,2,3267,1172,0,0,0,0
9876,4,64295,68538470,141,313000000,1.41E+11,5,1910,13526,14418716,450,0,3,3236,3362,0,0,0,0
9876,4,64295,68538470,141,313000000,1.41E+11,5,1910,13526,14418716,450,0,3,123378838,3530,6502,0,6502,0
9876,4,64295,68538470,141,313000000,1.41E+11,5,1910,13526,14418716,450,0,1,3584,20862700,0,3837,3837,0
9876,4,64295,68538470,141,313000000,1.41E+11,5,1910,13526,14418716,450,0,3,3572,89736212,0,7673,7673,0
9876,4,64295,68538470,141,313000000,1.41E+11,5,1910,13526,14418716,450,0,4,3423,123378838,0,6502,6502,0
9876,4,64295,68538470,141,313000000,1.41E+11,5,1910,13526,14418716,450,0,3,3362,3236,0,0,0,0
9876,4,64295,68538470,141,313000000,1.41E+11,5,1910,13526,14418716,450,0,1,213114126,1676,14176,0,14176,0
9876,4,86865,92598090,191,870000000,1.92E+11,5,1910,13526,14418716,450,0,3,3572,89736212,0,7673,7673,0
12235,4,130900,139539400,290,749000000,2.91E+11,2,2242,13685,14588210,456,0,2,4233,1562,0,0,0,0
9876,4,86865,92598090,191,870000000,1.92E+11,5,1910,13526,14418716,450,0,3,3572,89738344,0,7674,7674,0
9876,4,86865,92598090,191,870000000,1.92E+11,5,1910,13526,14418716,450,0,1,213114126,1676,14176,0,14176,0
9876,4,86865,92598090,191,870000000,1.92E+11,5,1910,13526,14418716,450,0,4,3530,123378838,0,6502,6502,0
9876,4,86865,92598090,191,870000000,1.92E+11,5,1910,13526,14418716,450,0,2,3472,1172,0,0,0,0
9876,4,86865,92598090,191,870000000,1.92E+11,5,1910,13526,14418716,450,0,4,89736212,3572,7673,0,7673,0
9876,4,86865,92598090,191,870000000,1.92E+11,5,1910,13526,14418716,450,0,3,123376730,3423,6501,0,6501,0
9876,4,86865,92598090,191,870000000,1.92E+11,5,1910,13526,14418716,450,0,1,3542,1086,0,0,0,0
9876,4,86865,92598090,191,870000000,1.92E+11,5,1910,13526,14418716,450,0,2,3472,1172,0,0,0,0
9876,4,86865,92598090,191,870000000,1.92E+11,5,1910,13526,14418716,450,0,4,3362,3022,0,0,0,0
9876,4,86865,92598090,191,870000000,1.92E+11,5,1910,13526,14418716,450,0,2,3267,1172,0,0,0,0
9876,4,86865,92598090,191,870000000,1.92E+11,5,1910,13526,14418716,450,0,3,3236,3362,0,0,0,0
9876,4,64295,68538470,141,313000000,1.41E+11,5,1910,13526,14418716,450,0,2,3542,1172,0,0,0,0
9876,4,86865,92598090,191,870000000,1.92E+11,5,1910,13526,14418716,450,0,1,3584,20862700,0,3837,3837,0
9876,4,64295,68538470,141,313000000,1.41E+11,5,1910,13526,14418716,450,0,4,89742608,3572,7675,0,7675,0
9876,4,86865,92598090,191,870000000,1.92E+11,5,1910,13526,14418716,450,0,4,3423,123378838,0,6502,6502,0
9876,4,86865,92598090,191,870000000,1.92E+11,5,1910,13526,14418716,450,0,3,3362,3236,0,0,0,0
9876,4,86865,92598090,191,870000000,1.92E+11,5,1910,13526,14418716,450,0,3,3236,3362,0,0,0,0
9876,4,86865,92598090,191,870000000,1.92E+11,5,1910,13526,14418716,450,0,2,3236,3362,0,0,0,0
9876,4,86865,92598090,191,870000000,1.92E+11,5,1910,13526,14418716,450,0,1,3582,1332,0,0,0,0
9876,4,86865,92598090,191,870000000,1.92E+11,5,1910,13526,14418716,450,0,2,3492,1422,0,0,0,0
9876,4,86865,92598090,191,870000000,1.92E+11,5,1910,13526,14418716,450,0,4,3362,3236,0,0,0,0
9876,4,86865,92598090,191,870000000,1.92E+11,5,1910,13526,14418716,450,0,1,3369,1332,0,0,0,0
9876,4,86865,92598090,191,870000000,1.92E+11,5,1910,13526,14418716,450,0,2,3236,3362,0,0,0,0
9876,4,86865,92598090,191,870000000,1.92E+11,5,1910,13526,14418716,450,0,1,3492,1332,0,0,0,0
9876,4,64295,68538470,141,313000000,1.41E+11,5,1910,13526,14418716,450,0,2,3472,1172,0,0,0,0
9876,4,64295,68538470,141,313000000,1.41E+11,5,1910,13526,14418716,450,0,1,3472,1332,0,0,0,0
9876,4,64295,68538470,141,313000000,1.41E+11,5,1910,13526,14418716,450,0,1,3582,1332,0,0,0,0
9876,4,86865,92598090,191,870000000,1.92E+11,5,1910,13526,14418716,450,0,3,123378838,3530,6502,0,6502,0
9876,4,29263,30492046,93,420000000,93420000000,5,1910,9606,10009452,320,0,2,3236,3362,0,0,0,1
9876,4,64295,68538470,141,313000000,1.41E+11,5,1910,13526,14418716,450,0,3,3236,3362,0,0,0,0
9876,4,29263,30492046,93,420000000,93420000000,5,1910,9606,10009452,320,0,2,3267,1172,0,0,0,1
9876,4,29263,30492046,93,420000000,93420000000,5,1910,9606,10009452,320,0,3,3236,3362,0,0,0,1
9876,4,29263,30492046,93,420000000,93420000000,5,1910,9606,10009452,320,0,3,123378838,3530,6502,0,6502,1
9876,4,29263,30492046,93,420000000,93420000000,5,1910,9606,10009452,320,0,1,3584,20862700,0,3837,3837,1
9876,4,29263,30492046,93,420000000,93420000000,5,1910,9606,10009452,320,0,3,3572,89736212,0,7673,7673,1
9876,4,29263,30492046,93,420000000,93420000000,5,1910,9606,10009452,320,0,4,3423,123378838,0,6502,6502,1
9876,4,29263,30492046,93,420000000,93420000000,5,1910,9606,10009452,320,0,3,3362,3236,0,0,0,1
9876,4,29263,30492046,93,420000000,93420000000,5,1910,9606,10009452,320,0,3,3236,3362,0,0,0,1
9876,4,29263,30492046,93,420000000,93420000000,5,1910,9606,10009452,320,0,2,3236,3362,0,0,0,1
9876,4,29263,30492046,93,420000000,93420000000,5,1910,9606,10009452,320,0,1,3582,1332,0,0,0,1
9876,4,29263,30492046,93,420000000,93420000000,5,1910,9606,10009452,320,0,2,3492,1422,0,0,0,1
9876,4,29263,30492046,93,420000000,93420000000,5,1910,9606,10009452,320,0,2,3472,1172,0,0,0,1
9876,4,29263,30492046,93,420000000,93420000000,5,1910,9606,10009452,320,0,1,3369,1332,0,0,0,1
9876,4,29263,30492046,93,420000000,93420000000,5,1910,9606,10009452,320,0,1,3542,1086,0,0,0,1
9876,4,29263,30492046,93,420000000,93420000000,5,1910,9606,10009452,320,0,1,3492,1332,0,0,0,1
9876,4,19189,20455474,40,594000000,40594000000,5,1910,13527,14419782,450,0,2,3472,1172,0,0,0,0
9876,4,19189,20455474,40,594000000,40594000000,5,1910,13527,14419782,450,0,1,3472,1332,0,0,0,0
9876,4,19189,20455474,40,594000000,40594000000,5,1910,13527,14419782,450,0,1,3472,1332,0,0,0,0
9876,4,19189,20455474,40,594000000,40594000000,5,1910,13527,14419782,450,0,4,89742608,3572,7675,0,7675,0
9876,4,19189,20455474,40,594000000,40594000000,5,1910,13527,14419782,450,0,2,3542,1172,0,0,0,0
9876,4,19189,20455474,40,594000000,40594000000,5,1910,13527,14419782,450,0,3,3404,20864940,0,3837,3837,0
9876,4,19189,20455474,40,594000000,40594000000,5,1910,13527,14419782,450,0,4,3362,3236,0,0,0,0
9876,4,19189,20455474,40,594000000,40594000000,5,1910,13527,14419782,450,0,2,3750,123374666,0,6501,6501,0
9876,4,19189,20455474,40,594000000,40594000000,5,1910,13527,14419782,450,0,4,3362,3236,0,0,0,0
9876,4,19189,20455474,40,594000000,40594000000,5,1910,13527,14419782,450,0,1,3582,1332,0,0,0,0
9876,4,19189,20455474,40,594000000,40594000000,5,1910,13527,14419782,450,0,2,3582,1332,0,0,0,0
9876,4,86865,92598090,191,870000000,1.92E+11,5,1910,13526,14418716,450,0,3,20864940,3404,3837,0,3837,0
9876,4,29263,30492046,93,420000000,93420000000,5,1910,9606,10009452,320,0,4,3362,3236,0,0,0,1
9876,4,29263,30492046,93,420000000,93420000000,5,1910,9606,10009452,320,0,4,3362,3236,0,0,0,1
9876,4,19189,20455474,40,594000000,40594000000,5,1910,13527,14419782,450,0,1,3492,1332,0,0,0,0
9876,4,64295,68538470,141,313000000,1.41E+11,5,1910,13526,14418716,450,0,2,3492,1422,0,0,0,0
9876,4,64295,68538470,141,313000000,1.41E+11,5,1910,13526,14418716,450,0,4,3362,3236,0,0,0,0
9876,4,64295,68538470,141,313000000,1.41E+11,5,1910,13526,14418716,450,0,1,3369,1332,0,0,0,0
9876,4,64295,68538470,141,313000000,1.41E+11,5,1910,13526,14418716,450,0,2,3236,3362,0,0,0,0
9876,4,64295,68538470,141,313000000,1.41E+11,5,1910,13526,14418716,450,0,1,3492,1332,0,0,0,0
9876,4,29263,30492046,93,420000000,93420000000,5,1910,9606,10009452,320,0,2,3472,1172,0,0,0,1
9876,4,29263,30492046,93,420000000,93420000000,5,1910,9606,10009452,320,0,1,3472,1332,0,0,0,1
9876,4,29263,30492046,93,420000000,93420000000,5,1910,9606,10009452,320,0,1,3472,1332,0,0,0,1
9876,4,29263,30492046,93,420000000,93420000000,5,1910,9606,10009452,320,0,4,89742608,3572,7675,0,7675,1
9876,4,29263,30492046,93,420000000,93420000000,5,1910,9606,10009452,320,0,2,3542,1172,0,0,0,1
9876,4,29263,30492046,93,420000000,93420000000,5,1910,9606,10009452,320,0,3,3404,20864940,0,3837,3837,1
9876,4,29263,30492046,93,420000000,93420000000,5,1910,9606,10009452,320,0,4,3362,3022,0,0,0,1
9876,4,29263,30492046,93,420000000,93420000000,5,1910,9606,10009452,320,0,2,3750,123374666,0,6501,6501,1
9876,4,64295,68538470,141,313000000,1.41E+11,5,1910,13526,14418716,450,0,2,3236,3362,0,0,0,0
9876,4,29263,30492046,93,420000000,93420000000,5,1910,9606,10009452,320,0,1,3582,1332,0,0,0,1
9876,4,29263,30492046,93,420000000,93420000000,5,1910,9606,10009452,320,0,2,3582,1332,0,0,0,1
9876,4,29263,30492046,93,420000000,93420000000,5,1910,9606,10009452,320,0,1,3710,68878840,0,3837,3837,1
9876,4,29263,30492046,93,420000000,93420000000,5,1910,9606,10009452,320,0,1,3492,1332,0,0,0,1
9876,4,29263,30492046,93,420000000,93420000000,5,1910,9606,10009452,320,0,2,3472,1172,0,0,0,1
9876,4,29263,30492046,93,420000000,93420000000,5,1910,9606,10009452,320,0,3,20864940,3404,3837,0,3837,1
9876,4,29263,30492046,93,420000000,93420000000,5,1910,9606,10009452,320,0,3,3022,3362,0,0,0,1
9876,4,29263,30492046,93,420000000,93420000000,5,1910,9606,10009452,320,0,3,3572,89738344,0,7674,7674,1
9876,4,29263,30492046,93,420000000,93420000000,5,1910,9606,10009452,320,0,1,213114126,1676,14176,0,14176,1
9876,4,29263,30492046,93,420000000,93420000000,5,1910,9606,10009452,320,0,4,3530,123378838,0,6502,6502,1
9876,4,29263,30492046,93,420000000,93420000000,5,1910,9606,10009452,320,0,2,3472,1172,0,0,0,1
9876,4,29263,30492046,93,420000000,93420000000,5,1910,9606,10009452,320,0,4,89736212,3572,7673,0,7673,1
9876,4,29263,30492046,93,420000000,93420000000,5,1910,9606,10009452,320,0,3,123376730,3423,6501,0,6501,1
9876,4,29263,30492046,93,420000000,93420000000,5,1910,9606,10009452,320,0,4,3362,3236,0,0,0,1
11635,4,134790,143686140,309,762000000,3.10E+11,4,1943,8641,9211306,288,0,2,910497206,3706,7165,0,7165,1
11635,4,134790,143686140,309,762000000,3.10E+11,4,1943,8641,9211306,288,0,3,3590,3842,0,0,0,1
11635,4,134790,143686140,309,762000000,3.10E+11,4,1943,8641,9211306,288,0,1,4266,143970278,0,2452,2452,1
11635,4,134790,143686140,309,762000000,3.10E+11,4,1943,8641,9211306,288,0,3,3520,3842,0,0,0,1
11635,4,134790,143686140,309,762000000,3.10E+11,4,1943,8641,9211306,288,0,2,3865,1562,0,0,0,1
11635,4,134790,143686140,309,762000000,3.10E+11,4,1943,8641,9211306,288,0,1,3972,1312,0,0,0,1
11635,4,134790,143686140,309,762000000,3.10E+11,4,1943,8641,9211306,288,0,4,3842,3590,0,0,0,1
11635,4,134790,143686140,309,762000000,3.10E+11,4,1943,8641,9211306,288,0,1,3882,1312,0,0,0,1
11635,4,134790,143686140,309,762000000,3.10E+11,4,1943,8641,9211306,288,0,2,3952,1472,0,0,0,1
11635,4,134790,143686140,309,762000000,3.10E+11,4,1943,8641,9211306,288,0,2,3972,1402,0,0,0,1
11635,4,134790,143686140,309,762000000,3.10E+11,4,1943,8641,9211306,288,0,1,3952,1562,0,0,0,1
11635,4,134790,143686140,309,762000000,3.10E+11,4,1943,8641,9211306,288,0,3,143928808,4094,0,0,0,1
11635,4,134790,143686140,309,762000000,3.10E+11,4,1943,8641,9211306,288,0,2,4358,143926544,0,0,0,1
11665,4,119352,124364784,390,882000000,3.91E+11,3,1943,7952,8285984,265,0,3,3590,3842,0,0,0,1
11635,4,134790,143686140,309,762000000,3.10E+11,4,1943,8641,9211306,288,0,4,4514,279389270,0,0,0,1
11635,4,134790,143686140,309,762000000,3.10E+11,4,1943,8641,9211306,288,0,2,3590,3842,0,0,0,1
11635,4,134790,143686140,309,762000000,3.10E+11,4,1943,8641,9211306,288,0,3,5312,631111346,0,7165,7165,1
11635,4,134790,143686140,309,762000000,3.10E+11,4,1943,8641,9211306,288,0,1,3972,1312,0,0,0,1
11635,4,134790,143686140,309,762000000,3.10E+11,4,1943,8641,9211306,288,0,3,3520,3842,0,0,0,1
11635,4,134790,143686140,309,762000000,3.10E+11,4,1943,8641,9211306,288,0,2,3590,3842,0,0,0,1
11635,4,134790,143686140,309,762000000,3.10E+11,4,1943,8641,9211306,288,0,4,4094,143928808,0,0,0,1
11635,4,134790,143686140,309,762000000,3.10E+11,4,1943,8641,9211306,288,0,1,3972,1402,0,0,0,1
11635,4,134790,143686140,309,762000000,3.10E+11,4,1943,8641,9211306,288,0,4,371009240,4850,4811,0,4811,1
11635,4,134790,143686140,309,762000000,3.10E+11,4,1943,8641,9211306,288,0,1,4400,83112694,0,2358,2358,1
11635,4,134790,143686140,309,762000000,3.10E+11,4,1943,8641,9211306,288,0,2,4482,135461864,0,0,0,1
11635,4,134790,143686140,309,762000000,3.10E+11,4,1943,8641,9211306,288,0,3,279389270,4514,0,0,0,1
11635,4,134790,143686140,309,762000000,3.10E+11,4,1943,8641,9211306,288,0,1,3992,1492,0,0,0,1
11635,4,134790,143686140,309,762000000,3.10E+11,4,1943,8641,9211306,288,0,2,3952,1472,0,0,0,1
11635,4,134790,143686140,309,762000000,3.10E+11,4,1943,8641,9211306,288,0,3,287897858,4472,2452,0,2452,1
11635,4,111400,116078800,360,875000000,3.61E+11,4,1943,8392,8744464,279,0,3,279389270,4514,0,0,0,1
11635,4,111400,116078800,360,875000000,3.61E+11,4,1943,8392,8744464,279,0,3,143928808,4094,0,0,0,1
11635,4,111400,116078800,360,875000000,3.61E+11,4,1943,8392,8744464,279,0,2,4358,143926544,0,0,0,1
11635,4,111400,116078800,360,875000000,3.61E+11,4,1943,8392,8744464,279,0,3,287897858,4472,2452,0,2452,1
11635,4,111400,116078800,360,875000000,3.61E+11,4,1943,8392,8744464,279,0,4,4514,279389270,0,0,0,1
11635,4,111400,116078800,360,875000000,3.61E+11,4,1943,8392,8744464,279,0,2,910497206,3706,7165,0,7165,1
11635,4,111400,116078800,360,875000000,3.61E+11,4,1943,8392,8744464,279,0,3,5312,631111346,0,7165,7165,1
11635,4,111400,116078800,360,875000000,3.61E+11,4,1943,8392,8744464,279,0,1,3972,1312,0,0,0,1
11635,4,111400,116078800,360,875000000,3.61E+11,4,1943,8392,8744464,279,0,3,3520,3842,0,0,0,1
11635,4,111400,116078800,360,875000000,3.61E+11,4,1943,8392,8744464,279,0,2,3590,3842,0,0,0,1
11635,4,111400,116078800,360,875000000,3.61E+11,4,1943,8392,8744464,279,0,4,4094,143928808,0,0,0,1
11635,4,111400,116078800,360,875000000,3.61E+11,4,1943,8392,8744464,279,0,1,3972,1402,0,0,0,1
11635,4,111400,116078800,360,875000000,3.61E+11,4,1943,8392,8744464,279,0,4,371009240,4850,4811,0,4811,1
11635,4,134790,143686140,309,762000000,3.10E+11,4,1943,8641,9211306,288,0,2,4434,260103418,0,2354,2354,1
11635,4,111400,116078800,360,875000000,3.61E+11,4,1943,8392,8744464,279,0,2,4482,135461864,0,0,0,1
11635,4,134790,143686140,309,762000000,3.10E+11,4,1943,8641,9211306,288,0,3,4850,371009240,0,4811,4811,1
11635,4,111400,116078800,360,875000000,3.61E+11,4,1943,8392,8744464,279,0,1,3992,1492,0,0,0,1
11635,4,111400,116078800,360,875000000,3.61E+11,4,1943,8392,8744464,279,0,2,3952,1472,0,0,0,1
11635,4,111400,116078800,360,875000000,3.61E+11,4,1943,8392,8744464,279,0,4,3842,3520,0,0,0,1
11635,4,111400,116078800,360,875000000,3.61E+11,4,1943,8392,8744464,279,0,1,3952,1312,0,0,0,1
11635,4,111400,116078800,360,875000000,3.61E+11,4,1943,8392,8744464,279,0,2,3902,1492,0,0,0,1
11635,4,111400,116078800,360,875000000,3.61E+11,4,1943,8392,8744464,279,0,4,631111346,5312,7165,0,7165,1
11635,4,111400,116078800,360,875000000,3.61E+11,4,1943,8392,8744464,279,0,1,4224,143926620,0,0,0,1
11635,4,111400,116078800,360,875000000,3.61E+11,4,1943,8392,8744464,279,0,3,4472,287897858,0,2452,2452,1
11635,4,134790,143686140,309,762000000,3.10E+11,4,1943,8641,9211306,288,0,3,3842,3590,0,0,0,1
11635,4,134790,143686140,309,762000000,3.10E+11,4,1943,8641,9211306,288,0,1,3747,1492,0,0,0,1
11635,4,134790,143686140,309,762000000,3.10E+11,4,1943,8641,9211306,288,0,4,3842,3520,0,0,0,1
11635,4,134790,143686140,309,762000000,3.10E+11,4,1943,8641,9211306,288,0,4,3842,3590,0,0,0,1
11635,4,134790,143686140,309,762000000,3.10E+11,4,1943,8641,9211306,288,0,2,3902,1492,0,0,0,1
11635,4,111400,116078800,360,875000000,3.61E+11,4,1943,8392,8744464,279,0,1,4400,83112694,0,2358,2358,1
11665,4,119352,124364784,390,882000000,3.91E+11,3,1943,7952,8285984,265,0,3,3590,3842,0,0,0,1
11635,4,134790,143686140,309,762000000,3.10E+11,4,1943,8641,9211306,288,0,4,3842,3520,0,0,0,1
11635,4,79582,82924444,260,307000000,2.60E+11,4,1943,8407,8760094,280,0,1,3972,1402,0,0,0,1
11635,4,79582,82924444,260,307000000,2.60E+11,4,1943,8407,8760094,280,0,4,371009240,4850,4811,0,4811,1
11635,4,79582,82924444,260,307000000,2.60E+11,4,1943,8407,8760094,280,0,1,4400,83112694,0,2358,2358,1
11635,4,79582,82924444,260,307000000,2.60E+11,4,1943,8407,8760094,280,0,2,4482,135461864,0,0,0,1
11635,4,79582,82924444,260,307000000,2.60E+11,4,1943,8407,8760094,280,0,3,279389270,4514,0,0,0,1
11635,4,79582,82924444,260,307000000,2.60E+11,4,1943,8407,8760094,280,0,1,3992,1492,0,0,0,1
11635,4,79582,82924444,260,307000000,2.60E+11,4,1943,8407,8760094,280,0,2,3952,1472,0,0,0,1
11635,4,79582,82924444,260,307000000,2.60E+11,4,1943,8407,8760094,280,0,4,3842,3520,0,0,0,1
11635,4,79582,82924444,260,307000000,2.60E+11,4,1943,8407,8760094,280,0,1,3952,1312,0,0,0,1
11635,4,79582,82924444,260,307000000,2.60E+11,4,1943,8407,8760094,280,0,2,3902,1492,0,0,0,1
11635,4,79582,82924444,260,307000000,2.60E+11,4,1943,8407,8760094,280,0,4,631111346,5312,7165,0,7165,1
11635,4,79582,82924444,260,307000000,2.60E+11,4,1943,8407,8760094,280,0,2,3590,3842,0,0,0,1
11635,4,79582,82924444,260,307000000,2.60E+11,4,1943,8407,8760094,280,0,3,4472,287897858,0,2452,2452,1
11635,4,79582,82924444,260,307000000,2.60E+11,4,1943,8407,8760094,280,0,3,3520,3842,0,0,0,1
11665,4,119352,124364784,390,882000000,3.91E+11,3,1943,7952,8285984,265,0,1,4266,143970278,0,0,0,1
11665,4,119352,124364784,390,882000000,3.91E+11,3,1943,7952,8285984,265,0,2,4358,143926614,0,0,0,1
11665,4,119352,124364784,390,882000000,3.91E+11,3,1943,7952,8285984,265,0,3,143928808,4094,0,0,0,1
11665,4,119352,124364784,390,882000000,3.91E+11,3,1943,7952,8285984,265,0,3,287897858,4472,0,0,0,1
11665,4,119352,124364784,390,882000000,3.91E+11,3,1943,7952,8285984,265,0,2,4022,1472,0,0,0,1
11665,4,119352,124364784,390,882000000,3.91E+11,3,1943,7952,8285984,265,0,1,3992,1562,0,0,0,1
11665,4,119352,124364784,390,882000000,3.91E+11,3,1943,7952,8285984,265,0,1,3952,1562,0,0,0,1
11665,4,119352,124364784,390,882000000,3.91E+11,3,1943,7952,8285984,265,0,1,3952,1312,0,0,0,1
11665,4,119352,124364784,390,882000000,3.91E+11,3,1943,7952,8285984,265,0,1,4442,91332032,0,2191,2191,1
11665,4,119352,124364784,390,882000000,3.91E+11,3,1943,7952,8285984,265,0,4,3842,3590,0,0,0,1
11665,4,119352,124364784,390,882000000,3.91E+11,3,1943,7952,8285984,265,0,4,3842,3590,0,0,0,1
11665,4,119352,124364784,390,882000000,3.91E+11,3,1943,7952,8285984,265,0,1,3972,1312,0,0,0,1
11605,4,126149,134474834,279,759000000,2.80E+11,5,1943,13531,14424046,451,0,1,3882,1312,0,0,0,0
11635,4,79582,82924444,260,307000000,2.60E+11,4,1943,8407,8760094,280,0,1,4224,143926620,0,0,0,1
11635,4,79582,82924444,260,307000000,2.60E+11,4,1943,8407,8760094,280,0,2,3865,1562,0,0,0,1
11635,4,111400,116078800,360,875000000,3.61E+11,4,1943,8392,8744464,279,0,2,3952,1472,0,0,0,1
11635,4,134790,143686140,309,762000000,3.10E+11,4,1943,8641,9211306,288,0,4,631111346,5312,7165,0,7165,1
11635,4,134790,143686140,309,762000000,3.10E+11,4,1943,8641,9211306,288,0,1,4224,143926620,0,0,0,1
11635,4,134790,143686140,309,762000000,3.10E+11,4,1943,8641,9211306,288,0,3,4472,287897858,0,2452,2452,1
11635,4,79582,82924444,260,307000000,2.60E+11,4,1943,8407,8760094,280,0,3,3842,3590,0,0,0,1
11635,4,79582,82924444,260,307000000,2.60E+11,4,1943,8407,8760094,280,0,1,3747,1492,0,0,0,1
11635,4,79582,82924444,260,307000000,2.60E+11,4,1943,8407,8760094,280,0,4,3842,3520,0,0,0,1
11635,4,79582,82924444,260,307000000,2.60E+11,4,1943,8407,8760094,280,0,4,3842,3590,0,0,0,1
11635,4,79582,82924444,260,307000000,2.60E+11,4,1943,8407,8760094,280,0,2,3590,3842,0,0,0,1
11635,4,79582,82924444,260,307000000,2.60E+11,4,1943,8407,8760094,280,0,3,4850,371009240,0,4811,4811,1
11635,4,79582,82924444,260,307000000,2.60E+11,4,1943,8407,8760094,280,0,2,4434,260103418,0,2354,2354,1
11635,4,79582,82924444,260,307000000,2.60E+11,4,1943,8407,8760094,280,0,3,3590,3842,0,0,0,1
11635,4,79582,82924444,260,307000000,2.60E+11,4,1943,8407,8760094,280,0,4,4094,143928808,0,0,0,1
11635,4,79582,82924444,260,307000000,2.60E+11,4,1943,8407,8760094,280,0,3,3520,3842,0,0,0,1
11635,4,134790,143686140,309,762000000,3.10E+11,4,1943,8641,9211306,288,0,1,3952,1312,0,0,0,1
11635,4,79582,82924444,260,307000000,2.60E+11,4,1943,8407,8760094,280,0,1,3972,1312,0,0,0,1
11635,4,79582,82924444,260,307000000,2.60E+11,4,1943,8407,8760094,280,0,4,3842,3590,0,0,0,1
11635,4,79582,82924444,260,307000000,2.60E+11,4,1943,8407,8760094,280,0,1,3882,1312,0,0,0,1
11635,4,79582,82924444,260,307000000,2.60E+11,4,1943,8407,8760094,280,0,2,3952,1472,0,0,0,1
11635,4,79582,82924444,260,307000000,2.60E+11,4,1943,8407,8760094,280,0,2,3972,1402,0,0,0,1
11635,4,79582,82924444,260,307000000,2.60E+11,4,1943,8407,8760094,280,0,1,3952,1562,0,0,0,1
11635,4,79582,82924444,260,307000000,2.60E+11,4,1943,8407,8760094,280,0,3,143928808,4094,0,0,0,1
11635,4,79582,82924444,260,307000000,2.60E+11,4,1943,8407,8760094,280,0,2,4358,143926544,0,0,0,1
11635,4,79582,82924444,260,307000000,2.60E+11,4,1943,8407,8760094,280,0,3,287897858,4472,2452,0,2452,1
11635,4,79582,82924444,260,307000000,2.60E+11,4,1943,8407,8760094,280,0,4,4514,279389270,0,0,0,1
11635,4,79582,82924444,260,307000000,2.60E+11,4,1943,8407,8760094,280,0,2,910497206,3706,7165,0,7165,1
11635,4,79582,82924444,260,307000000,2.60E+11,4,1943,8407,8760094,280,0,3,5312,631111346,0,7165,7165,1
11635,4,79582,82924444,260,307000000,2.60E+11,4,1943,8407,8760094,280,0,1,3972,1312,0,0,0,1
11635,4,79582,82924444,260,307000000,2.60E+11,4,1943,8407,8760094,280,0,1,4266,143970278,0,2452,2452,1
11605,4,71175,74164350,230,304000000,2.30E+11,5,1943,9243,9631206,308,0,3,3842,3590,0,0,0,1
11605,4,71175,74164350,230,304000000,2.30E+11,5,1943,9243,9631206,308,0,4,4094,143928808,0,0,0,1
11605,4,71175,74164350,230,304000000,2.30E+11,5,1943,9243,9631206,308,0,3,278700368,4360,3838,0,3838,1
11605,4,71175,74164350,230,304000000,2.30E+11,5,1943,9243,9631206,308,0,1,4224,143926620,0,0,0,1
11605,4,71175,74164350,230,304000000,2.30E+11,5,1943,9243,9631206,308,0,4,3772,3520,0,0,0,1
11605,4,71175,74164350,230,304000000,2.30E+11,5,1943,9243,9631206,308,0,2,3972,1402,0,0,0,1
11605,4,71175,74164350,230,304000000,2.30E+11,5,1943,9243,9631206,308,0,3,143928808,4094,0,0,0,1
11605,4,71175,74164350,230,304000000,2.30E+11,5,1943,9243,9631206,308,0,3,5186,604242494,0,8969,8969,1
11605,4,71175,74164350,230,304000000,2.30E+11,5,1943,9243,9631206,308,0,2,883628354,3580,10251,0,10251,1
11605,4,71175,74164350,230,304000000,2.30E+11,5,1943,9243,9631206,308,0,4,4514,279389200,0,1282,1282,1
11605,4,71175,74164350,230,304000000,2.30E+11,5,1943,9243,9631206,308,0,1,3882,1312,0,0,0,1
11605,4,71175,74164350,230,304000000,2.30E+11,5,1943,9243,9631206,308,0,1,3972,1312,0,0,0,1
11605,4,71175,74164350,230,304000000,2.30E+11,5,1943,9243,9631206,308,0,2,4358,143926544,0,0,0,1
11605,4,71175,74164350,230,304000000,2.30E+11,5,1943,9243,9631206,308,0,1,3952,1242,0,0,0,1
11605,4,71175,74164350,230,304000000,2.30E+11,5,1943,9243,9631206,308,0,3,3520,3842,0,0,0,1
11605,4,71175,74164350,230,304000000,2.30E+11,5,1943,9243,9631206,308,0,3,4360,278700368,0,3838,3838,1
11605,4,71175,74164350,230,304000000,2.30E+11,5,1943,9243,9631206,308,0,2,3590,3842,0,0,0,1
11605,4,71175,74164350,230,304000000,2.30E+11,5,1943,9243,9631206,308,0,1,3972,1242,0,0,0,1
11605,4,71175,74164350,230,304000000,2.30E+11,5,1943,9243,9631206,308,0,2,3865,1562,0,0,0,1
11605,4,71175,74164350,230,304000000,2.30E+11,5,1943,9243,9631206,308,0,4,604240410,5186,8969,0,8969,1
11605,4,71175,74164350,230,304000000,2.30E+11,5,1943,9243,9631206,308,0,1,3747,1492,0,0,0,1
11605,4,71175,74164350,230,304000000,2.30E+11,5,1943,9243,9631206,308,0,3,3590,3842,0,0,0,1
11605,4,71175,74164350,230,304000000,2.30E+11,5,1943,9243,9631206,308,0,1,4224,134772718,0,3838,3838,1
11605,4,71175,74164350,230,304000000,2.30E+11,5,1943,9243,9631206,308,0,1,3882,1492,0,0,0,1
11605,4,71175,74164350,230,304000000,2.30E+11,5,1943,9243,9631206,308,0,4,3842,3590,0,0,0,1
11605,4,71175,74164350,230,304000000,2.30E+11,5,1943,9243,9631206,308,0,2,3952,1472,0,0,0,1
11605,4,71175,74164350,230,304000000,2.30E+11,5,1943,9243,9631206,308,0,3,3520,3772,0,0,0,1
11605,4,71175,74164350,230,304000000,2.30E+11,5,1943,9243,9631206,308,0,1,3992,1492,0,0,0,1
11635,4,111400,116078800,360,875000000,3.61E+11,4,1943,8392,8744464,279,0,1,3952,1562,0,0,0,1
11605,4,71175,74164350,230,304000000,2.30E+11,5,1943,9243,9631206,308,0,4,3842,3590,0,0,0,1
11605,4,126149,134474834,279,759000000,2.80E+11,5,1943,13531,14424046,451,0,2,3952,1472,0,0,0,0
11755,4,109933,114550186,380,364000000,3.80E+11,2,1943,6795,7080390,226,0,3,3590,3842,0,0,0,1
11605,4,126149,134474834,279,759000000,2.80E+11,5,1943,13531,14424046,451,0,2,4358,143926544,0,0,0,0
11605,4,126149,134474834,279,759000000,2.80E+11,5,1943,13531,14424046,451,0,4,3842,3590,0,0,0,0
11605,4,126149,134474834,279,759000000,2.80E+11,5,1943,13531,14424046,451,0,3,3520,3842,0,0,0,0
11605,4,126149,134474834,279,759000000,2.80E+11,5,1943,13531,14424046,451,0,3,3842,3590,0,0,0,0
11605,4,126149,134474834,279,759000000,2.80E+11,5,1943,13531,14424046,451,0,2,3590,3842,0,0,0,0
11605,4,126149,134474834,279,759000000,2.80E+11,5,1943,13531,14424046,451,0,1,3972,1242,0,0,0,0
11605,4,126149,134474834,279,759000000,2.80E+11,5,1943,13531,14424046,451,0,2,3865,1562,0,0,0,0
11605,4,126149,134474834,279,759000000,2.80E+11,5,1943,13531,14424046,451,0,4,604240410,5186,8969,0,8969,0
11605,4,126149,134474834,279,759000000,2.80E+11,5,1943,13531,14424046,451,0,1,3747,1492,0,0,0,0
11605,4,126149,134474834,279,759000000,2.80E+11,5,1943,13531,14424046,451,0,3,3590,3842,0,0,0,0
11605,4,126149,134474834,279,759000000,2.80E+11,5,1943,13531,14424046,451,0,1,4224,134772718,0,3838,3838,0
11605,4,71175,74164350,230,304000000,2.30E+11,5,1943,9243,9631206,308,0,2,3902,1492,0,0,0,1
11605,4,126149,134474834,279,759000000,2.80E+11,5,1943,13531,14424046,451,0,4,3842,3590,0,0,0,0
11605,4,71175,74164350,230,304000000,2.30E+11,5,1943,9243,9631206,308,0,2,4392,251275552,0,2568,2568,1
11605,4,126149,134474834,279,759000000,2.80E+11,5,1943,13531,14424046,451,0,3,3520,3772,0,0,0,0
11605,4,126149,134474834,279,759000000,2.80E+11,5,1943,13531,14424046,451,0,1,3992,1492,0,0,0,0
11605,4,126149,134474834,279,759000000,2.80E+11,5,1943,13531,14424046,451,0,2,3590,3842,0,0,0,0
11605,4,126149,134474834,279,759000000,2.80E+11,5,1943,13531,14424046,451,0,4,4094,143928808,0,0,0,0
11605,4,126149,134474834,279,759000000,2.80E+11,5,1943,13531,14424046,451,0,2,4392,251275552,0,2568,2568,0
11605,4,126149,134474834,279,759000000,2.80E+11,5,1943,13531,14424046,451,0,1,3972,1402,0,0,0,0
11605,4,126149,134474834,279,759000000,2.80E+11,5,1943,13531,14424046,451,0,2,4482,135461864,0,1282,1282,0
11605,4,126149,134474834,279,759000000,2.80E+11,5,1943,13531,14424046,451,0,3,279389200,4514,1282,0,1282,0
11605,4,71175,74164350,230,304000000,2.30E+11,5,1943,9243,9631206,308,0,3,4766,352966170,0,6400,6400,1
11605,4,71175,74164350,230,304000000,2.30E+11,5,1943,9243,9631206,308,0,1,4288,74268156,0,2562,2562,1
11605,4,71175,74164350,230,304000000,2.30E+11,5,1943,9243,9631206,308,0,4,3842,3520,0,0,0,1
11605,4,71175,74164350,230,304000000,2.30E+11,5,1943,9243,9631206,308,0,4,352967212,4766,6400,0,6400,1
11605,4,71175,74164350,230,304000000,2.30E+11,5,1943,9243,9631206,308,0,2,3952,1402,0,0,0,1
11605,4,126149,134474834,279,759000000,2.80E+11,5,1943,13531,14424046,451,0,1,3882,1492,0,0,0,0
11635,4,111400,116078800,360,875000000,3.61E+11,4,1943,8392,8744464,279,0,1,3747,1492,0,0,0,1
11605,4,71175,74164350,230,304000000,2.30E+11,5,1943,9243,9631206,308,0,2,3590,3842,0,0,0,1
11305,4,81289,86654074,180,783000000,1.81E+11,6,1306,13536,14429376,451,0,1,3584,1172,0,0,0,0
11305,4,81289,86654074,180,783000000,1.81E+11,6,1306,13536,14429376,451,0,1,3604,1332,0,0,0,0
11305,4,81289,86654074,180,783000000,1.81E+11,6,1306,13536,14429376,451,0,3,154068118,3698,6454,0,6454,0
11305,4,81289,86654074,180,783000000,1.81E+11,6,1306,13536,14429376,451,0,1,3534,1172,0,0,0,0
11305,4,81289,86654074,180,783000000,1.81E+11,6,1306,13536,14429376,451,0,3,3488,38839874,0,3838,3838,0
11305,4,81289,86654074,180,783000000,1.81E+11,6,1306,13536,14429376,451,0,2,3534,1422,0,0,0,0
11305,4,81289,86654074,180,783000000,1.81E+11,6,1306,13536,14429376,451,0,1,3514,1422,0,0,0,0
11305,4,81289,86654074,180,783000000,1.81E+11,6,1306,13536,14429376,451,0,4,3474,3236,0,0,0,0
11305,4,81289,86654074,180,783000000,1.81E+11,6,1306,13536,14429376,451,0,2,3584,1402,0,0,0,0
11305,4,81289,86654074,180,783000000,1.81E+11,6,1306,13536,14429376,451,0,3,3236,3404,0,0,0,0
11305,4,81289,86654074,180,783000000,1.81E+11,6,1306,13536,14429376,451,0,1,3584,1172,0,0,0,0
11305,4,81289,86654074,180,783000000,1.81E+11,6,1306,13536,14429376,451,0,3,3656,135797928,0,10303,10303,0
11635,4,111400,116078800,360,875000000,3.61E+11,4,1943,8392,8744464,279,0,3,3842,3590,0,0,0,1
11305,4,81289,86654074,180,783000000,1.81E+11,6,1306,13536,14429376,451,0,2,3668,38836744,0,3838,3838,0
11635,4,111400,116078800,360,875000000,3.61E+11,4,1943,8392,8744464,279,0,4,3842,3520,0,0,0,1
11635,4,111400,116078800,360,875000000,3.61E+11,4,1943,8392,8744464,279,0,4,3842,3590,0,0,0,1
11635,4,111400,116078800,360,875000000,3.61E+11,4,1943,8392,8744464,279,0,2,3590,3842,0,0,0,1
11635,4,111400,116078800,360,875000000,3.61E+11,4,1943,8392,8744464,279,0,3,4850,371009240,0,4811,4811,1
11635,4,111400,116078800,360,875000000,3.61E+11,4,1943,8392,8744464,279,0,2,4434,260103418,0,2354,2354,1
11635,4,111400,116078800,360,875000000,3.61E+11,4,1943,8392,8744464,279,0,3,3590,3842,0,0,0,1
11635,4,111400,116078800,360,875000000,3.61E+11,4,1943,8392,8744464,279,0,1,4266,143970278,0,2452,2452,1
11635,4,111400,116078800,360,875000000,3.61E+11,4,1943,8392,8744464,279,0,3,3520,3842,0,0,0,1
11635,4,111400,116078800,360,875000000,3.61E+11,4,1943,8392,8744464,279,0,2,3865,1562,0,0,0,1
11635,4,111400,116078800,360,875000000,3.61E+11,4,1943,8392,8744464,279,0,1,3972,1312,0,0,0,1
11635,4,111400,116078800,360,875000000,3.61E+11,4,1943,8392,8744464,279,0,4,3842,3590,0,0,0,1
11635,4,111400,116078800,360,875000000,3.61E+11,4,1943,8392,8744464,279,0,1,3882,1312,0,0,0,1
11665,4,119352,124364784,390,882000000,3.91E+11,3,1943,7952,8285984,265,0,4,3842,3590,0,0,0,1
11305,4,81289,86654074,180,783000000,1.81E+11,6,1306,13536,14429376,451,0,3,3236,3474,0,0,0,0
11305,4,81289,86654074,180,783000000,1.81E+11,6,1306,13536,14429376,451,0,3,38838808,3488,3838,0,3838,0
11605,4,71175,74164350,230,304000000,2.30E+11,5,1943,9243,9631206,308,0,1,3972,1402,0,0,0,1
11605,4,71175,74164350,230,304000000,2.30E+11,5,1943,9243,9631206,308,0,2,4482,135461864,0,1282,1282,1
11605,4,71175,74164350,230,304000000,2.30E+11,5,1943,9243,9631206,308,0,3,279389200,4514,1282,0,1282,1
11305,4,41378,43115876,130,740000000,1.31E+11,6,1306,9432,9828144,314,0,1,3534,1172,0,0,0,1
11305,4,41378,43115876,130,740000000,1.31E+11,6,1306,9432,9828144,314,0,3,3236,3404,0,0,0,1
11305,4,41378,43115876,130,740000000,1.31E+11,6,1306,9432,9828144,314,0,4,3404,3236,0,0,0,1
11305,4,41378,43115876,130,740000000,1.31E+11,6,1306,9432,9828144,314,0,2,3427,1422,0,0,0,1
11305,4,41378,43115876,130,740000000,1.31E+11,6,1306,9432,9828144,314,0,4,3404,3236,0,0,0,1
11305,4,81289,86654074,180,783000000,1.81E+11,6,1306,13536,14429376,451,0,1,3772,110828232,0,3838,3838,0
11305,4,81289,86654074,180,783000000,1.81E+11,6,1306,13536,14429376,451,0,4,3404,3236,0,0,0,0
11305,4,81289,86654074,180,783000000,1.81E+11,6,1306,13536,14429376,451,0,3,3404,3236,0,0,0,0
11305,4,81289,86654074,180,783000000,1.81E+11,6,1306,13536,14429376,451,0,2,3236,3404,0,0,0,0
11305,4,81289,86654074,180,783000000,1.81E+11,6,1306,13536,14429376,451,0,4,38839874,3488,3838,0,3838,0
11305,4,81289,86654074,180,783000000,1.81E+11,6,1306,13536,14429376,451,0,3,110830136,3572,3838,0,3838,0
11635,4,111400,116078800,360,875000000,3.61E+11,4,1943,8392,8744464,279,0,2,3972,1402,0,0,0,1
9966,4,104738,111650708,231,317000000,2.31E+11,6,1931,13532,14425112,451,0,2,3649,1172,0,0,0,0
11305,4,81289,86654074,180,783000000,1.81E+11,6,1306,13536,14429376,451,0,2,3604,1332,0,0,0,0
11305,4,81289,86654074,180,783000000,1.81E+11,6,1306,13536,14429376,451,0,4,3572,110831202,0,3839,3839,0
11305,4,81289,86654074,180,783000000,1.81E+11,6,1306,13536,14429376,451,0,4,3698,154068118,0,6454,6454,0
11305,4,81289,86654074,180,783000000,1.81E+11,6,1306,13536,14429376,451,0,2,3236,3404,0,0,0,0
11305,4,81289,86654074,180,783000000,1.81E+11,6,1306,13536,14429376,451,0,1,3624,1422,0,0,0,0
11305,4,81289,86654074,180,783000000,1.81E+11,6,1306,13536,14429376,451,0,4,135795796,3656,10303,0,10303,0
11305,4,81289,86654074,180,783000000,1.81E+11,6,1306,13536,14429376,451,0,1,3309,1422,0,0,0,0
11305,4,81289,86654074,180,783000000,1.81E+11,6,1306,13536,14429376,451,0,2,3702,96958160,0,6464,6464,0
11305,4,81289,86654074,180,783000000,1.81E+11,6,1306,13536,14429376,451,0,3,3488,38838808,0,3838,3838,0
11305,4,81289,86654074,180,783000000,1.81E+11,6,1306,13536,14429376,451,0,2,289862990,1886,16758,0,16758,0
11305,4,81289,86654074,180,783000000,1.81E+11,6,1306,13536,14429376,451,0,2,3750,43238248,0,2615,2615,0
11305,4,81289,86654074,180,783000000,1.81E+11,6,1306,13536,14429376,451,0,2,3584,1332,0,0,0,0
11305,4,81289,86654074,180,783000000,1.81E+11,6,1306,13536,14429376,451,0,1,3534,1172,0,0,0,0
11725,4,129996,135455832,450,881000000,4.51E+11,3,1943,2604,2713368,86,0,4,3842,3590,0,0,0,1
11725,4,129996,135455832,450,881000000,4.51E+11,3,1943,2604,2713368,86,0,1,3972,1312,0,0,0,1
11725,4,129996,135455832,450,881000000,4.51E+11,3,1943,2604,2713368,86,0,4,395627658,4976,2151,0,2151,1
11725,4,129996,135455832,450,881000000,4.51E+11,3,1943,2604,2713368,86,0,3,3590,3842,0,0,0,1
11725,4,129996,135455832,450,881000000,4.51E+11,3,1943,2604,2713368,86,0,1,4526,107731112,0,2151,2151,1
11725,4,129996,135455832,450,881000000,4.51E+11,3,1943,2604,2713368,86,0,2,3972,1562,0,0,0,1
11335,4,19113,19915746,60,849000000,60849000000,7,1790,9477,9875034,315,0,1,3528,1422,0,0,0,1
11725,4,129996,135455832,450,881000000,4.51E+11,3,1943,2604,2713368,86,0,2,4518,279386824,0,720,720,1
9966,4,104738,111650708,231,317000000,2.31E+11,6,1931,13532,14425112,451,0,3,64053167,3707,3837,0,3837,0
11725,4,129996,135455832,450,881000000,4.51E+11,3,1943,2604,2713368,86,0,4,675013170,5522,2872,0,2872,1
11725,4,129996,135455832,450,881000000,4.51E+11,3,1943,2604,2713368,86,0,4,3842,3590,0,0,0,1
11725,4,129996,135455832,450,881000000,4.51E+11,3,1943,2604,2713368,86,0,1,3972,1312,0,0,0,1
11725,4,129996,135455832,450,881000000,4.51E+11,3,1943,2604,2713368,86,0,1,3952,1312,0,0,0,1
11665,4,119352,124364784,390,882000000,3.91E+11,3,1943,7952,8285984,265,0,2,3865,1562,0,0,0,1
11725,4,129996,135455832,450,881000000,4.51E+11,3,1943,2604,2713368,86,0,2,4022,1472,0,0,0,1
11725,4,129996,135455832,450,881000000,4.51E+11,3,1943,2604,2713368,86,0,1,3972,1472,0,0,0,1
11725,4,129996,135455832,450,881000000,4.51E+11,3,1943,2604,2713368,86,0,2,4482,135461934,0,0,0,1
11725,4,129996,135455832,450,881000000,4.51E+11,3,1943,2604,2713368,86,0,3,279389270,4514,0,0,0,1
11725,4,129996,135455832,450,881000000,4.51E+11,3,1943,2604,2713368,86,0,1,4266,143970278,0,0,0,1
11725,4,129996,135455832,450,881000000,4.51E+11,3,1943,2604,2713368,86,0,2,4358,143926614,0,0,0,1
11725,4,129996,135455832,450,881000000,4.51E+11,3,1943,2604,2713368,86,0,3,287897858,4472,0,0,0,1
11725,4,129996,135455832,450,881000000,4.51E+11,3,1943,2604,2713368,86,0,4,4094,143928808,0,0,0,1
11725,4,129996,135455832,450,881000000,4.51E+11,3,1943,2604,2713368,86,0,3,143928808,4094,0,0,0,1
11725,4,129996,135455832,450,881000000,4.51E+11,3,1943,2604,2713368,86,0,2,4022,1472,0,0,0,1
11725,4,129996,135455832,450,881000000,4.51E+11,3,1943,2604,2713368,86,0,2,3972,1472,0,0,0,1
11725,4,129996,135455832,450,881000000,4.51E+11,3,1943,2604,2713368,86,0,3,3842,3590,0,0,0,1
11725,4,129996,135455832,450,881000000,4.51E+11,3,1943,2604,2713368,86,0,1,4224,143926690,0,0,0,1
11725,4,129996,135455832,450,881000000,4.51E+11,3,1943,2604,2713368,86,0,1,3952,1312,0,0,0,1
11725,4,129996,135455832,450,881000000,4.51E+11,3,1943,2604,2713368,86,0,4,3842,3590,0,0,0,1
11695,4,95541,99553722,320,312000000,3.20E+11,3,1943,8012,8348504,267,0,3,4934,387558368,0,2221,2221,1
11695,4,95541,99553722,320,312000000,3.20E+11,3,1943,8012,8348504,267,0,4,4094,143928808,0,0,0,1
11695,4,95541,99553722,320,312000000,3.20E+11,3,1943,8012,8348504,267,0,1,3972,1472,0,0,0,1
11695,4,95541,99553722,320,312000000,3.20E+11,3,1943,8012,8348504,267,0,2,4482,135461934,0,0,0,1
11695,4,95541,99553722,320,312000000,3.20E+11,3,1943,8012,8348504,267,0,1,3972,1312,0,0,0,1
11695,4,95541,99553722,320,312000000,3.20E+11,3,1943,8012,8348504,267,0,2,3952,1472,0,0,0,1
11695,4,95541,99553722,320,312000000,3.20E+11,3,1943,8012,8348504,267,0,2,4358,143926614,0,0,0,1
11695,4,95541,99553722,320,312000000,3.20E+11,3,1943,8012,8348504,267,0,3,287897858,4472,0,0,0,1
11695,4,95541,99553722,320,312000000,3.20E+11,3,1943,8012,8348504,267,0,1,3952,1562,0,0,0,1
11695,4,95541,99553722,320,312000000,3.20E+11,3,1943,8012,8348504,267,0,4,3842,3590,0,0,0,1
11695,4,95541,99553722,320,312000000,3.20E+11,3,1943,8012,8348504,267,0,2,4022,1472,0,0,0,1
11695,4,95541,99553722,320,312000000,3.20E+11,3,1943,8012,8348504,267,0,3,3590,3842,0,0,0,1
11695,4,95541,99553722,320,312000000,3.20E+11,3,1943,8012,8348504,267,0,1,4266,143970278,0,0,0,1
11725,4,129996,135455832,450,881000000,4.51E+11,3,1943,2604,2713368,86,0,2,3590,3842,0,0,0,1
11695,4,95541,99553722,320,312000000,3.20E+11,3,1943,8012,8348504,267,0,4,387558368,4934,2221,0,2221,1
11725,4,129996,135455832,450,881000000,4.51E+11,3,1943,2604,2713368,86,0,3,3590,3842,0,0,0,1
11695,4,95541,99553722,320,312000000,3.20E+11,3,1943,8012,8348504,267,0,2,4518,276685960,0,2228,2228,1
11695,4,95541,99553722,320,312000000,3.20E+11,3,1943,8012,8348504,267,0,1,3747,1562,0,0,0,1
11695,4,95541,99553722,320,312000000,3.20E+11,3,1943,8012,8348504,267,0,4,3842,3590,0,0,0,1
11695,4,95541,99553722,320,312000000,3.20E+11,3,1943,8012,8348504,267,0,1,3992,1562,0,0,0,1
11695,4,95541,99553722,320,312000000,3.20E+11,3,1943,8012,8348504,267,0,2,3590,3842,0,0,0,1
11695,4,95541,99553722,320,312000000,3.20E+11,3,1943,8012,8348504,267,0,1,4484,99661822,0,2221,2221,1
11695,4,95541,99553722,320,312000000,3.20E+11,3,1943,8012,8348504,267,0,1,4224,143926620,0,0,0,1
11695,4,95541,99553722,320,312000000,3.20E+11,3,1943,8012,8348504,267,0,2,3972,1472,0,0,0,1
11695,4,95541,99553722,320,312000000,3.20E+11,3,1943,8012,8348504,267,0,3,4472,287897858,0,0,0,1
11725,4,129996,135455832,450,881000000,4.51E+11,3,1943,2604,2713368,86,0,3,3590,3842,0,0,0,1
11725,4,129996,135455832,450,881000000,4.51E+11,3,1943,2604,2713368,86,0,2,3865,1562,0,0,0,1
11725,4,129996,135455832,450,881000000,4.51E+11,3,1943,2604,2713368,86,0,3,4472,287897858,0,0,0,1
11725,4,129996,135455832,450,881000000,4.51E+11,3,1943,2604,2713368,86,0,3,5522,675013170,0,2872,2872,1
11695,4,95541,99553722,320,312000000,3.20E+11,3,1943,8012,8348504,267,0,4,664243016,5480,4450,0,4450,1
11725,4,103138,107469796,350,313000000,3.50E+11,3,1943,7597,7916074,253,0,2,3590,3842,0,0,0,1
11725,4,129996,135455832,450,881000000,4.51E+11,3,1943,2604,2713368,86,0,4,4514,279389270,0,0,0,1
11725,4,103138,107469796,350,313000000,3.50E+11,3,1943,7597,7916074,253,0,4,4094,143928808,0,0,0,1
11725,4,103138,107469796,350,313000000,3.50E+11,3,1943,7597,7916074,253,0,3,143928808,4094,0,0,0,1
11725,4,103138,107469796,350,313000000,3.50E+11,3,1943,7597,7916074,253,0,2,4022,1472,0,0,0,1
11725,4,103138,107469796,350,313000000,3.50E+11,3,1943,7597,7916074,253,0,2,3972,1472,0,0,0,1
11725,4,103138,107469796,350,313000000,3.50E+11,3,1943,7597,7916074,253,0,3,3842,3590,0,0,0,1
11725,4,103138,107469796,350,313000000,3.50E+11,3,1943,7597,7916074,253,0,1,4224,143926690,0,0,0,1
11725,4,103138,107469796,350,313000000,3.50E+11,3,1943,7597,7916074,253,0,1,3952,1312,0,0,0,1
11725,4,103138,107469796,350,313000000,3.50E+11,3,1943,7597,7916074,253,0,4,4514,279389270,0,0,0,1
11725,4,103138,107469796,350,313000000,3.50E+11,3,1943,7597,7916074,253,0,2,954398960,3916,2872,0,2872,1
11725,4,103138,107469796,350,313000000,3.50E+11,3,1943,7597,7916074,253,0,3,5522,675013170,0,2872,2872,1
11725,4,103138,107469796,350,313000000,3.50E+11,3,1943,7597,7916074,253,0,1,3952,1562,0,0,0,1
11725,4,103138,107469796,350,313000000,3.50E+11,3,1943,7597,7916074,253,0,2,4358,143926614,0,0,0,1
11725,4,103138,107469796,350,313000000,3.50E+11,3,1943,7597,7916074,253,0,1,3992,1562,0,0,0,1
11725,4,103138,107469796,350,313000000,3.50E+11,3,1943,7597,7916074,253,0,1,4266,143970278,0,0,0,1
11755,4,109933,114550186,380,364000000,3.80E+11,2,1943,6795,7080390,226,0,2,4022,1472,0,0,0,1
11755,4,109933,114550186,380,364000000,3.80E+11,2,1943,6795,7080390,226,0,1,3952,1562,0,0,0,1
12235,4,130900,139539400,290,749000000,2.91E+11,2,2242,13685,14588210,456,0,1,4213,1632,0,0,0,0
11755,4,109933,114550186,380,364000000,3.80E+11,2,1943,6795,7080390,226,0,3,4472,287897858,0,0,0,1
12205,4,117215,124951190,260,702000000,2.61E+11,3,2242,13584,14480544,452,0,1,4213,1382,0,0,0,0
11755,4,109933,114550186,380,364000000,3.80E+11,2,1943,6795,7080390,226,0,4,3842,3590,0,0,0,1
11755,4,109933,114550186,380,364000000,3.80E+11,2,1943,6795,7080390,226,0,1,3952,1312,0,0,0,1
11755,4,109933,114550186,380,364000000,3.80E+11,2,1943,6795,7080390,226,0,2,3972,1562,0,0,0,1
11755,4,109933,114550186,380,364000000,3.80E+11,2,1943,6795,7080390,226,0,4,402566378,5018,1850,0,1850,1
11755,4,109933,114550186,380,364000000,3.80E+11,2,1943,6795,7080390,226,0,1,4568,114669832,0,1850,1850,1
11755,4,109933,114550186,380,364000000,3.80E+11,2,1943,6795,7080390,226,0,4,3842,3590,0,0,0,1
11755,4,109933,114550186,380,364000000,3.80E+11,2,1943,6795,7080390,226,0,1,3972,1472,0,0,0,1
11755,4,109933,114550186,380,364000000,3.80E+11,2,1943,6795,7080390,226,0,4,4094,143928808,0,0,0,1
11725,4,103138,107469796,350,313000000,3.50E+11,3,1943,7597,7916074,253,0,4,3842,3590,0,0,0,1
11725,4,103138,107469796,350,313000000,3.50E+11,3,1943,7597,7916074,253,0,1,4526,107731112,0,2151,2151,1
11695,4,95541,99553722,320,312000000,3.20E+11,3,1943,8012,8348504,267,0,2,943628806,3874,4450,0,4450,1
11725,4,129996,135455832,450,881000000,4.51E+11,3,1943,2604,2713368,86,0,1,3952,1562,0,0,0,1
11725,4,129996,135455832,450,881000000,4.51E+11,3,1943,2604,2713368,86,0,4,3842,3590,0,0,0,1
11725,4,129996,135455832,450,881000000,4.51E+11,3,1943,2604,2713368,86,0,1,3992,1562,0,0,0,1
11725,4,129996,135455832,450,881000000,4.51E+11,3,1943,2604,2713368,86,0,2,3590,3842,0,0,0,1
11725,4,103138,107469796,350,313000000,3.50E+11,3,1943,7597,7916074,253,0,3,3590,3842,0,0,0,1
11725,4,103138,107469796,350,313000000,3.50E+11,3,1943,7597,7916074,253,0,2,3865,1562,0,0,0,1
11725,4,103138,107469796,350,313000000,3.50E+11,3,1943,7597,7916074,253,0,3,4472,287897858,0,0,0,1
11725,4,103138,107469796,350,313000000,3.50E+11,3,1943,7597,7916074,253,0,1,3972,1472,0,0,0,1
11725,4,103138,107469796,350,313000000,3.50E+11,3,1943,7597,7916074,253,0,3,3590,3842,0,0,0,1
11725,4,103138,107469796,350,313000000,3.50E+11,3,1943,7597,7916074,253,0,2,3590,3842,0,0,0,1
11725,4,103138,107469796,350,313000000,3.50E+11,3,1943,7597,7916074,253,0,1,3972,1312,0,0,0,1
11725,4,103138,107469796,350,313000000,3.50E+11,3,1943,7597,7916074,253,0,3,287897858,4472,0,0,0,1
11725,4,103138,107469796,350,313000000,3.50E+11,3,1943,7597,7916074,253,0,3,3590,3842,0,0,0,1
11725,4,129996,135455832,450,881000000,4.51E+11,3,1943,2604,2713368,86,0,2,954398960,3916,2872,0,2872,1
11725,4,103138,107469796,350,313000000,3.50E+11,3,1943,7597,7916074,253,0,2,3972,1562,0,0,0,1
11725,4,103138,107469796,350,313000000,3.50E+11,3,1943,7597,7916074,253,0,3,4976,395627658,0,2151,2151,1
11725,4,103138,107469796,350,313000000,3.50E+11,3,1943,7597,7916074,253,0,2,4518,279386824,0,720,720,1
11725,4,103138,107469796,350,313000000,3.50E+11,3,1943,7597,7916074,253,0,1,3747,1562,0,0,0,1
11725,4,103138,107469796,350,313000000,3.50E+11,3,1943,7597,7916074,253,0,4,675013170,5522,2872,0,2872,1
11725,4,103138,107469796,350,313000000,3.50E+11,3,1943,7597,7916074,253,0,4,3842,3590,0,0,0,1
11725,4,103138,107469796,350,313000000,3.50E+11,3,1943,7597,7916074,253,0,1,3972,1312,0,0,0,1
11725,4,103138,107469796,350,313000000,3.50E+11,3,1943,7597,7916074,253,0,1,3952,1312,0,0,0,1
11725,4,103138,107469796,350,313000000,3.50E+11,3,1943,7597,7916074,253,0,4,3842,3590,0,0,0,1
11725,4,103138,107469796,350,313000000,3.50E+11,3,1943,7597,7916074,253,0,2,4022,1472,0,0,0,1
11725,4,103138,107469796,350,313000000,3.50E+11,3,1943,7597,7916074,253,0,4,3842,3590,0,0,0,1
11725,4,103138,107469796,350,313000000,3.50E+11,3,1943,7597,7916074,253,0,2,4482,135461934,0,0,0,1
11725,4,103138,107469796,350,313000000,3.50E+11,3,1943,7597,7916074,253,0,3,279389270,4514,0,0,0,1
11725,4,103138,107469796,350,313000000,3.50E+11,3,1943,7597,7916074,253,0,4,395627658,4976,2151,0,2151,1
11665,4,87529,91205218,290,314000000,2.90E+11,3,1943,7947,8280774,264,0,2,4476,268328036,0,2193,2193,1
11665,4,87529,91205218,290,314000000,2.90E+11,3,1943,7947,8280774,264,0,4,3842,3590,0,0,0,1
11665,4,87529,91205218,290,314000000,2.90E+11,3,1943,7947,8280774,264,0,1,3952,1562,0,0,0,1
11665,4,87529,91205218,290,314000000,2.90E+11,3,1943,7947,8280774,264,0,1,3952,1312,0,0,0,1
11665,4,87529,91205218,290,314000000,2.90E+11,3,1943,7947,8280774,264,0,1,4442,91332032,0,2191,2191,1
11665,4,87529,91205218,290,314000000,2.90E+11,3,1943,7947,8280774,264,0,4,3842,3590,0,0,0,1
11665,4,87529,91205218,290,314000000,2.90E+11,3,1943,7947,8280774,264,0,4,3842,3590,0,0,0,1
11665,4,87529,91205218,290,314000000,2.90E+11,3,1943,7947,8280774,264,0,1,3972,1312,0,0,0,1
11665,4,87529,91205218,290,314000000,2.90E+11,3,1943,7947,8280774,264,0,2,3865,1562,0,0,0,1
11665,4,87529,91205218,290,314000000,2.90E+11,3,1943,7947,8280774,264,0,3,3590,3842,0,0,0,1
11665,4,87529,91205218,290,314000000,2.90E+11,3,1943,7947,8280774,264,0,4,3842,3590,0,0,0,1
11665,4,87529,91205218,290,314000000,2.90E+11,3,1943,7947,8280774,264,0,3,3842,3590,0,0,0,1
11665,4,87529,91205218,290,314000000,2.90E+11,3,1943,7947,8280774,264,0,1,3972,1472,0,0,0,1
11665,4,87529,91205218,290,314000000,2.90E+11,3,1943,7947,8280774,264,0,2,4022,1472,0,0,0,1
11665,4,87529,91205218,290,314000000,2.90E+11,3,1943,7947,8280774,264,0,1,3747,1492,0,0,0,1
11665,4,87529,91205218,290,314000000,2.90E+11,3,1943,7947,8280774,264,0,3,287897858,4472,0,0,0,1
11665,4,87529,91205218,290,314000000,2.90E+11,3,1943,7947,8280774,264,0,3,4892,379228578,0,2191,2191,1
11665,4,87529,91205218,290,314000000,2.90E+11,3,1943,7947,8280774,264,0,3,4472,287897858,0,0,0,1
11665,4,87529,91205218,290,314000000,2.90E+11,3,1943,7947,8280774,264,0,2,3952,1472,0,0,0,1
11665,4,87529,91205218,290,314000000,2.90E+11,3,1943,7947,8280774,264,0,4,379228578,4892,2191,0,2191,1
11665,4,87529,91205218,290,314000000,2.90E+11,3,1943,7947,8280774,264,0,3,279389270,4514,0,0,0,1
11665,4,87529,91205218,290,314000000,2.90E+11,3,1943,7947,8280774,264,0,4,4094,143928808,0,0,0,1
11665,4,87529,91205218,290,314000000,2.90E+11,3,1943,7947,8280774,264,0,1,3972,1312,0,0,0,1
11665,4,87529,91205218,290,314000000,2.90E+11,3,1943,7947,8280774,264,0,2,3590,3842,0,0,0,1
11665,4,87529,91205218,290,314000000,2.90E+11,3,1943,7947,8280774,264,0,2,3590,3842,0,0,0,1
11665,4,87529,91205218,290,314000000,2.90E+11,3,1943,7947,8280774,264,0,2,4482,135461934,0,0,0,1
11665,4,87529,91205218,290,314000000,2.90E+11,3,1943,7947,8280774,264,0,3,3590,3842,0,0,0,1
11665,4,87529,91205218,290,314000000,2.90E+11,3,1943,7947,8280774,264,0,2,3972,1492,0,0,0,1
11695,4,95541,99553722,320,312000000,3.20E+11,3,1943,8012,8348504,267,0,1,3952,1312,0,0,0,1
11665,4,87529,91205218,290,314000000,2.90E+11,3,1943,7947,8280774,264,0,4,647555302,5396,4385,0,4385,1
11665,4,119352,124364784,390,882000000,3.91E+11,3,1943,7952,8285984,265,0,2,4482,135461934,0,0,0,1
11665,4,119352,124364784,390,882000000,3.91E+11,3,1943,7952,8285984,265,0,3,3842,3590,0,0,0,1
11665,4,119352,124364784,390,882000000,3.91E+11,3,1943,7952,8285984,265,0,1,3972,1472,0,0,0,1
11665,4,119352,124364784,390,882000000,3.91E+11,3,1943,7952,8285984,265,0,4,647555302,5396,4385,0,4385,1
11665,4,119352,124364784,390,882000000,3.91E+11,3,1943,7952,8285984,265,0,1,3747,1492,0,0,0,1
11665,4,119352,124364784,390,882000000,3.91E+11,3,1943,7952,8285984,265,0,2,4476,268328036,0,2193,2193,1
11665,4,119352,124364784,390,882000000,3.91E+11,3,1943,7952,8285984,265,0,3,4892,379228578,0,2191,2191,1
11665,4,119352,124364784,390,882000000,3.91E+11,3,1943,7952,8285984,265,0,3,4472,287897858,0,0,0,1
11665,4,119352,124364784,390,882000000,3.91E+11,3,1943,7952,8285984,265,0,2,3952,1472,0,0,0,1
11665,4,119352,124364784,390,882000000,3.91E+11,3,1943,7952,8285984,265,0,4,379228578,4892,2191,0,2191,1
11665,4,119352,124364784,390,882000000,3.91E+11,3,1943,7952,8285984,265,0,3,279389270,4514,0,0,0,1
11665,4,119352,124364784,390,882000000,3.91E+11,3,1943,7952,8285984,265,0,4,4094,143928808,0,0,0,1
11665,4,119352,124364784,390,882000000,3.91E+11,3,1943,7952,8285984,265,0,1,3972,1312,0,0,0,1
11665,4,87529,91205218,290,314000000,2.90E+11,3,1943,7947,8280774,264,0,1,3992,1562,0,0,0,1
11665,4,119352,124364784,390,882000000,3.91E+11,3,1943,7952,8285984,265,0,2,3590,3842,0,0,0,1
11665,4,87529,91205218,290,314000000,2.90E+11,3,1943,7947,8280774,264,0,2,3972,1472,0,0,0,1
11665,4,119352,124364784,390,882000000,3.91E+11,3,1943,7952,8285984,265,0,3,3590,3842,0,0,0,1
11665,4,119352,124364784,390,882000000,3.91E+11,3,1943,7952,8285984,265,0,2,3972,1492,0,0,0,1
11665,4,119352,124364784,390,882000000,3.91E+11,3,1943,7952,8285984,265,0,1,4224,143926620,0,0,0,1
11665,4,119352,124364784,390,882000000,3.91E+11,3,1943,7952,8285984,265,0,4,3842,3590,0,0,0,1
11665,4,119352,124364784,390,882000000,3.91E+11,3,1943,7952,8285984,265,0,2,3972,1472,0,0,0,1
11665,4,119352,124364784,390,882000000,3.91E+11,3,1943,7952,8285984,265,0,3,5396,647555302,0,4385,4385,1
11665,4,119352,124364784,390,882000000,3.91E+11,3,1943,7952,8285984,265,0,2,926941092,3790,4385,0,4385,1
11665,4,119352,124364784,390,882000000,3.91E+11,3,1943,7952,8285984,265,0,4,4514,279389270,0,0,0,1
11665,4,119352,124364784,390,882000000,3.91E+11,3,1943,7952,8285984,265,0,1,3952,1312,0,0,0,1
11665,4,87529,91205218,290,314000000,2.90E+11,3,1943,7947,8280774,264,0,3,3590,3842,0,0,0,1
11665,4,87529,91205218,290,314000000,2.90E+11,3,1943,7947,8280774,264,0,1,4266,143970278,0,0,0,1
11665,4,87529,91205218,290,314000000,2.90E+11,3,1943,7947,8280774,264,0,2,4358,143926614,0,0,0,1
11665,4,87529,91205218,290,314000000,2.90E+11,3,1943,7947,8280774,264,0,3,143928808,4094,0,0,0,1
11665,4,119352,124364784,390,882000000,3.91E+11,3,1943,7952,8285984,265,0,2,3590,3842,0,0,0,1
11695,4,95541,99553722,320,312000000,3.20E+11,3,1943,8012,8348504,267,0,4,3842,3590,0,0,0,1
11665,4,87529,91205218,290,314000000,2.90E+11,3,1943,7947,8280774,264,0,1,4224,143926620,0,0,0,1
11695,4,127392,132742464,420,880000000,4.21E+11,3,1943,8040,8377680,268,0,1,4266,143970278,0,0,0,1
11695,4,127392,132742464,420,880000000,4.21E+11,3,1943,8040,8377680,268,0,4,664243016,5480,4450,0,4450,1
11695,4,127392,132742464,420,880000000,4.21E+11,3,1943,8040,8377680,268,0,4,387558368,4934,2221,0,2221,1
11695,4,127392,132742464,420,880000000,4.21E+11,3,1943,8040,8377680,268,0,3,4934,387558368,0,2221,2221,1
11695,4,127392,132742464,420,880000000,4.21E+11,3,1943,8040,8377680,268,0,2,4518,276685960,0,2228,2228,1
11695,4,127392,132742464,420,880000000,4.21E+11,3,1943,8040,8377680,268,0,1,3747,1562,0,0,0,1
11695,4,127392,132742464,420,880000000,4.21E+11,3,1943,8040,8377680,268,0,4,3842,3590,0,0,0,1
11695,4,127392,132742464,420,880000000,4.21E+11,3,1943,8040,8377680,268,0,1,3992,1562,0,0,0,1
11695,4,127392,132742464,420,880000000,4.21E+11,3,1943,8040,8377680,268,0,2,3590,3842,0,0,0,1
11695,4,127392,132742464,420,880000000,4.21E+11,3,1943,8040,8377680,268,0,1,4484,99661822,0,2221,2221,1
11695,4,127392,132742464,420,880000000,4.21E+11,3,1943,8040,8377680,268,0,1,4224,143926620,0,0,0,1
11695,4,127392,132742464,420,880000000,4.21E+11,3,1943,8040,8377680,268,0,2,4022,1472,0,0,0,1
11695,4,127392,132742464,420,880000000,4.21E+11,3,1943,8040,8377680,268,0,3,4472,287897858,0,0,0,1
11695,4,127392,132742464,420,880000000,4.21E+11,3,1943,8040,8377680,268,0,4,3842,3590,0,0,0,1
11695,4,95541,99553722,320,312000000,3.20E+11,3,1943,8012,8348504,267,0,1,3972,1312,0,0,0,1
11695,4,95541,99553722,320,312000000,3.20E+11,3,1943,8012,8348504,267,0,2,3865,1562,0,0,0,1
11695,4,95541,99553722,320,312000000,3.20E+11,3,1943,8012,8348504,267,0,3,5480,664243016,0,4450,4450,1
11695,4,95541,99553722,320,312000000,3.20E+11,3,1943,8012,8348504,267,0,4,3842,3590,0,0,0,1
11695,4,95541,99553722,320,312000000,3.20E+11,3,1943,8012,8348504,267,0,1,3952,1312,0,0,0,1
11695,4,95541,99553722,320,312000000,3.20E+11,3,1943,8012,8348504,267,0,2,3972,1562,0,0,0,1
11695,4,95541,99553722,320,312000000,3.20E+11,3,1943,8012,8348504,267,0,3,3590,3842,0,0,0,1
11695,4,95541,99553722,320,312000000,3.20E+11,3,1943,8012,8348504,267,0,3,143928808,4094,0,0,0,1
11695,4,95541,99553722,320,312000000,3.20E+11,3,1943,8012,8348504,267,0,3,3590,3842,0,0,0,1
11695,4,95541,99553722,320,312000000,3.20E+11,3,1943,8012,8348504,267,0,3,3842,3590,0,0,0,1
11695,4,95541,99553722,320,312000000,3.20E+11,3,1943,8012,8348504,267,0,2,3590,3842,0,0,0,1
11695,4,95541,99553722,320,312000000,3.20E+11,3,1943,8012,8348504,267,0,3,279389270,4514,0,0,0,1
11605,4,126149,134474834,279,759000000,2.80E+11,5,1943,13531,14424046,451,0,4,4514,279389200,0,1282,1282,0
11695,4,127392,132742464,420,880000000,4.21E+11,3,1943,8040,8377680,268,0,2,3972,1472,0,0,0,1
11695,4,127392,132742464,420,880000000,4.21E+11,3,1943,8040,8377680,268,0,3,3842,3590,0,0,0,1
11665,4,87529,91205218,290,314000000,2.90E+11,3,1943,7947,8280774,264,0,3,5396,647555302,0,4385,4385,1
11665,4,87529,91205218,290,314000000,2.90E+11,3,1943,7947,8280774,264,0,2,926941092,3790,4385,0,4385,1
11665,4,87529,91205218,290,314000000,2.90E+11,3,1943,7947,8280774,264,0,4,4514,279389270,0,0,0,1
11665,4,87529,91205218,290,314000000,2.90E+11,3,1943,7947,8280774,264,0,1,3952,1312,0,0,0,1
11695,4,127392,132742464,420,880000000,4.21E+11,3,1943,8040,8377680,268,0,4,3842,3590,0,0,0,1
11695,4,127392,132742464,420,880000000,4.21E+11,3,1943,8040,8377680,268,0,1,3972,1312,0,0,0,1
11695,4,127392,132742464,420,880000000,4.21E+11,3,1943,8040,8377680,268,0,2,3865,1562,0,0,0,1
11695,4,127392,132742464,420,880000000,4.21E+11,3,1943,8040,8377680,268,0,3,5480,664243016,0,4450,4450,1
11695,4,127392,132742464,420,880000000,4.21E+11,3,1943,8040,8377680,268,0,4,3842,3590,0,0,0,1
11695,4,127392,132742464,420,880000000,4.21E+11,3,1943,8040,8377680,268,0,1,3952,1312,0,0,0,1
11695,4,127392,132742464,420,880000000,4.21E+11,3,1943,8040,8377680,268,0,2,3972,1562,0,0,0,1
11695,4,127392,132742464,420,880000000,4.21E+11,3,1943,8040,8377680,268,0,3,3590,3842,0,0,0,1
11695,4,127392,132742464,420,880000000,4.21E+11,3,1943,8040,8377680,268,0,3,3590,3842,0,0,0,1
11695,4,127392,132742464,420,880000000,4.21E+11,3,1943,8040,8377680,268,0,3,3590,3842,0,0,0,1
11695,4,95541,99553722,320,312000000,3.20E+11,3,1943,8012,8348504,267,0,4,4514,279389270,0,0,0,1
11695,4,127392,132742464,420,880000000,4.21E+11,3,1943,8040,8377680,268,0,2,3590,3842,0,0,0,1
11695,4,127392,132742464,420,880000000,4.21E+11,3,1943,8040,8377680,268,0,3,279389270,4514,0,0,0,1
11695,4,127392,132742464,420,880000000,4.21E+11,3,1943,8040,8377680,268,0,2,943628806,3874,4450,0,4450,1
11695,4,127392,132742464,420,880000000,4.21E+11,3,1943,8040,8377680,268,0,4,4514,279389270,0,0,0,1
11695,4,127392,132742464,420,880000000,4.21E+11,3,1943,8040,8377680,268,0,1,3952,1312,0,0,0,1
11695,4,127392,132742464,420,880000000,4.21E+11,3,1943,8040,8377680,268,0,4,4094,143928808,0,0,0,1
11695,4,127392,132742464,420,880000000,4.21E+11,3,1943,8040,8377680,268,0,1,3972,1472,0,0,0,1
11695,4,127392,132742464,420,880000000,4.21E+11,3,1943,8040,8377680,268,0,2,4482,135461934,0,0,0,1
11695,4,127392,132742464,420,880000000,4.21E+11,3,1943,8040,8377680,268,0,1,3972,1312,0,0,0,1
11695,4,127392,132742464,420,880000000,4.21E+11,3,1943,8040,8377680,268,0,2,3952,1472,0,0,0,1
11695,4,127392,132742464,420,880000000,4.21E+11,3,1943,8040,8377680,268,0,2,4358,143926614,0,0,0,1
11695,4,127392,132742464,420,880000000,4.21E+11,3,1943,8040,8377680,268,0,3,287897858,4472,0,0,0,1
11695,4,127392,132742464,420,880000000,4.21E+11,3,1943,8040,8377680,268,0,1,3952,1562,0,0,0,1
11695,4,127392,132742464,420,880000000,4.21E+11,3,1943,8040,8377680,268,0,3,143928808,4094,0,0,0,1
11545,4,52582,54790444,170,297000000,1.70E+11,6,1943,9320,9711440,310,0,2,3795,1492,0,0,0,1
11545,4,52582,54790444,170,297000000,1.70E+11,6,1943,9320,9711440,310,0,2,4181,143926544,0,1155,1155,1
11545,4,52582,54790444,170,297000000,1.70E+11,6,1943,9320,9711440,310,0,4,3735,3413,0,0,0,1
11545,4,52582,54790444,170,297000000,1.70E+11,6,1943,9320,9711440,310,0,2,3865,1402,0,0,0,1
11545,4,52582,54790444,170,297000000,1.70E+11,6,1943,9320,9711440,310,0,4,536786293,4841,10120,0,10120,1
11545,4,52582,54790444,170,297000000,1.70E+11,6,1943,9320,9711440,310,0,1,4117,143926620,0,0,0,1
11545,4,52582,54790444,170,297000000,1.70E+11,6,1943,9320,9711440,310,0,3,3665,3413,0,0,0,1
11545,4,52582,54790444,170,297000000,1.70E+11,6,1943,9320,9711440,310,0,2,3413,3735,0,0,0,1
11545,4,52582,54790444,170,297000000,1.70E+11,6,1943,9320,9711440,310,0,1,3795,1242,0,0,0,1
11545,4,52582,54790444,170,297000000,1.70E+11,6,1943,9320,9711440,310,0,3,3413,3665,0,0,0,1
11545,4,52582,54790444,170,297000000,1.70E+11,6,1943,9320,9711440,310,0,3,143928631,3917,0,0,0,1
11545,4,52582,54790444,170,297000000,1.70E+11,6,1943,9320,9711440,310,0,1,3795,1242,0,0,0,1
11545,4,52582,54790444,170,297000000,1.70E+11,6,1943,9320,9711440,310,0,4,3665,3413,0,0,0,1
11575,4,125331,130594902,400,763000000,4.01E+11,5,1943,9359,9752078,311,0,4,4365,274580221,0,2594,2594,1
11545,4,52582,54790444,170,297000000,1.70E+11,6,1943,9320,9711440,310,0,1,3845,1242,0,0,0,1
11545,4,52582,54790444,170,297000000,1.70E+11,6,1943,9320,9711440,310,0,2,3845,1472,0,0,0,1
11545,4,52582,54790444,170,297000000,1.70E+11,6,1943,9320,9711440,310,0,3,3483,3735,0,0,0,1
11545,4,52582,54790444,170,297000000,1.70E+11,6,1943,9320,9711440,310,0,4,3917,143928631,0,0,0,1
11545,4,52582,54790444,170,297000000,1.70E+11,6,1943,9320,9711440,310,0,1,3865,1402,0,0,0,1
11545,4,52582,54790444,170,297000000,1.70E+11,6,1943,9320,9711440,310,0,2,4291,120923796,0,2565,2565,1
11545,4,52582,54790444,170,297000000,1.70E+11,6,1943,9320,9711440,310,0,3,264851025,4253,2565,0,2565,1
11545,4,52582,54790444,170,297000000,1.70E+11,6,1943,9320,9711440,310,0,2,3688,1492,0,0,0,1
11545,4,52582,54790444,170,297000000,1.70E+11,6,1943,9320,9711440,310,0,3,4841,536788377,0,10120,10120,1
11545,4,52582,54790444,170,297000000,1.70E+11,6,1943,9320,9711440,310,0,1,3570,1492,0,0,0,1
11545,4,52582,54790444,170,297000000,1.70E+11,6,1943,9320,9711440,310,0,2,4173,231937032,0,2564,2564,1
11545,4,52582,54790444,170,297000000,1.70E+11,6,1943,9320,9711440,310,0,3,4463,304850503,0,7555,7555,1
11545,4,52582,54790444,170,297000000,1.70E+11,6,1943,9320,9711440,310,0,1,3775,1242,0,0,0,1
11545,4,52582,54790444,170,297000000,1.70E+11,6,1943,9320,9711440,310,0,2,801636169,3258,12685,0,12685,1
11545,4,52582,54790444,170,297000000,1.70E+11,6,1943,9320,9711440,310,0,4,3665,3413,0,0,0,1
11545,4,99080,105619280,219,752000000,2.20E+11,6,1943,13650,14550900,455,0,3,4463,304850503,0,7555,7555,0
11545,4,99080,105619280,219,752000000,2.20E+11,6,1943,13650,14550900,455,0,1,3795,1242,0,0,0,0
11545,4,99080,105619280,219,752000000,2.20E+11,6,1943,13650,14550900,455,0,4,3665,3413,0,0,0,0
11545,4,99080,105619280,219,752000000,2.20E+11,6,1943,13650,14550900,455,0,4,3665,3413,0,0,0,0
11545,4,99080,105619280,219,752000000,2.20E+11,6,1943,13650,14550900,455,0,1,3845,1242,0,0,0,0
11545,4,99080,105619280,219,752000000,2.20E+11,6,1943,13650,14550900,455,0,2,3795,1492,0,0,0,0
11545,4,99080,105619280,219,752000000,2.20E+11,6,1943,13650,14550900,455,0,3,3483,3735,0,0,0,0
11545,4,99080,105619280,219,752000000,2.20E+11,6,1943,13650,14550900,455,0,4,3917,143928631,0,0,0,0
11545,4,99080,105619280,219,752000000,2.20E+11,6,1943,13650,14550900,455,0,1,3865,1402,0,0,0,0
11545,4,99080,105619280,219,752000000,2.20E+11,6,1943,13650,14550900,455,0,2,4291,120923796,0,2565,2565,0
11545,4,99080,105619280,219,752000000,2.20E+11,6,1943,13650,14550900,455,0,3,264851025,4253,2565,0,2565,0
11545,4,99080,105619280,219,752000000,2.20E+11,6,1943,13650,14550900,455,0,2,3688,1492,0,0,0,0
11545,4,99080,105619280,219,752000000,2.20E+11,6,1943,13650,14550900,455,0,3,4841,536788377,0,10120,10120,0
11545,4,52582,54790444,170,297000000,1.70E+11,6,1943,9320,9711440,310,0,1,3885,1492,0,0,0,1
11545,4,99080,105619280,219,752000000,2.20E+11,6,1943,13650,14550900,455,0,2,4173,231937032,0,2564,2564,0
11545,4,52582,54790444,170,297000000,1.70E+11,6,1943,9320,9711440,310,0,3,3413,3665,0,0,0,1
11545,4,99080,105619280,219,752000000,2.20E+11,6,1943,13650,14550900,455,0,1,3775,1242,0,0,0,0
11545,4,99080,105619280,219,752000000,2.20E+11,6,1943,13650,14550900,455,0,2,801636169,3258,12685,0,12685,0
11545,4,99080,105619280,219,752000000,2.20E+11,6,1943,13650,14550900,455,0,1,4005,105986412,0,3838,3838,0
11545,4,99080,105619280,219,752000000,2.20E+11,6,1943,13650,14550900,455,0,2,3413,3665,0,0,0,0
11545,4,99080,105619280,219,752000000,2.20E+11,6,1943,13650,14550900,455,0,3,249913885,4211,4993,0,4993,0
11545,4,99080,105619280,219,752000000,2.20E+11,6,1943,13650,14550900,455,0,4,4253,264851025,0,2565,2565,0
11545,4,52582,54790444,170,297000000,1.70E+11,6,1943,9320,9711440,310,0,2,3845,1402,0,0,0,1
11545,4,52582,54790444,170,297000000,1.70E+11,6,1943,9320,9711440,310,0,4,304850503,4463,7554,0,7554,1
11545,4,52582,54790444,170,297000000,1.70E+11,6,1943,9320,9711440,310,0,1,4097,54937860,0,2561,2561,1
11545,4,52582,54790444,170,297000000,1.70E+11,6,1943,9320,9711440,310,0,3,4211,249913885,0,4993,4993,1
11545,4,52582,54790444,170,297000000,1.70E+11,6,1943,9320,9711440,310,0,1,3775,1492,0,0,0,1
11545,4,52582,54790444,170,297000000,1.70E+11,6,1943,9320,9711440,310,0,4,3735,3483,0,0,0,1
11545,4,52582,54790444,170,297000000,1.70E+11,6,1943,9320,9711440,310,0,3,249913885,4211,4993,0,4993,1
11545,4,99080,105619280,219,752000000,2.20E+11,6,1943,13650,14550900,455,0,1,3570,1492,0,0,0,0
11575,4,125331,130594902,400,763000000,4.01E+11,5,1943,9359,9752078,311,0,3,274580221,4365,2594,0,2594,1
11545,4,52582,54790444,170,297000000,1.70E+11,6,1943,9320,9711440,310,0,1,4005,105986412,0,3838,3838,1
11305,4,41378,43115876,130,740000000,1.31E+11,6,1306,9432,9828144,314,0,3,154068118,3698,6454,0,6454,1
11305,4,41378,43115876,130,740000000,1.31E+11,6,1306,9432,9828144,314,0,1,3534,1172,0,0,0,1
11305,4,41378,43115876,130,740000000,1.31E+11,6,1306,9432,9828144,314,0,3,3488,38839874,0,3838,3838,1
11305,4,41378,43115876,130,740000000,1.31E+11,6,1306,9432,9828144,314,0,2,3534,1422,0,0,0,1
11305,4,41378,43115876,130,740000000,1.31E+11,6,1306,9432,9828144,314,0,1,3514,1422,0,0,0,1
11305,4,41378,43115876,130,740000000,1.31E+11,6,1306,9432,9828144,314,0,4,3474,3236,0,0,0,1
11305,4,41378,43115876,130,740000000,1.31E+11,6,1306,9432,9828144,314,0,2,3584,1402,0,0,0,1
11305,4,41378,43115876,130,740000000,1.31E+11,6,1306,9432,9828144,314,0,3,3236,3404,0,0,0,1
11305,4,41378,43115876,130,740000000,1.31E+11,6,1306,9432,9828144,314,0,1,3584,1172,0,0,0,1
11305,4,41378,43115876,130,740000000,1.31E+11,6,1306,9432,9828144,314,0,3,3236,3474,0,0,0,1
11305,4,41378,43115876,130,740000000,1.31E+11,6,1306,9432,9828144,314,0,1,3514,1172,0,0,0,1
11305,4,41378,43115876,130,740000000,1.31E+11,6,1306,9432,9828144,314,0,1,3584,1172,0,0,0,1
11575,4,125331,130594902,400,763000000,4.01E+11,5,1943,9359,9752078,311,0,1,3775,1492,0,0,0,1
11305,4,41378,43115876,130,740000000,1.31E+11,6,1306,9432,9828144,314,0,4,38839874,3488,3838,0,3838,1
11575,4,125331,130594902,400,763000000,4.01E+11,5,1943,9359,9752078,311,0,2,4333,130652992,0,2594,2594,1
11575,4,125331,130594902,400,763000000,4.01E+11,5,1943,9359,9752078,311,0,1,3865,1402,0,0,0,1
11575,4,125331,130594902,400,763000000,4.01E+11,5,1943,9359,9752078,311,0,4,3917,143928701,0,0,0,1
11575,4,125331,130594902,400,763000000,4.01E+11,5,1943,9359,9752078,311,0,4,3665,3413,0,0,0,1
11575,4,125331,130594902,400,763000000,4.01E+11,5,1943,9359,9752078,311,0,1,4117,143926620,0,0,0,1
11575,4,125331,130594902,400,763000000,4.01E+11,5,1943,9359,9752078,311,0,3,143928701,3917,0,0,0,1
11575,4,125331,130594902,400,763000000,4.01E+11,5,1943,9359,9752078,311,0,4,570605557,5037,9018,0,9018,1
11575,4,125331,130594902,400,763000000,4.01E+11,5,1943,9359,9752078,311,0,1,3570,1492,0,0,0,1
11575,4,125331,130594902,400,763000000,4.01E+11,5,1943,9359,9752078,311,0,3,4547,328963495,0,6430,6430,1
11575,4,125331,130594902,400,763000000,4.01E+11,5,1943,9359,9752078,311,0,3,3665,3413,0,0,0,1
11575,4,125331,130594902,400,763000000,4.01E+11,5,1943,9359,9752078,311,0,2,3865,1402,0,0,0,1
11575,4,125331,130594902,400,763000000,4.01E+11,5,1943,9359,9752078,311,0,1,3775,1242,0,0,0,1
11605,4,126149,134474834,279,759000000,2.80E+11,5,1943,13531,14424046,451,0,1,3972,1312,0,0,0,0
11575,4,125331,130594902,400,763000000,4.01E+11,5,1943,9359,9752078,311,0,4,3735,3483,0,0,0,1
11305,4,41378,43115876,130,740000000,1.31E+11,6,1306,9432,9828144,314,0,2,3604,1332,0,0,0,1
11545,4,99080,105619280,219,752000000,2.20E+11,6,1943,13650,14550900,455,0,1,3795,1242,0,0,0,0
11545,4,52582,54790444,170,297000000,1.70E+11,6,1943,9320,9711440,310,0,4,4253,264851025,0,2565,2565,1
11305,4,35970,38344020,78,820000000,78820000000,6,1306,13536,14429376,451,0,1,3534,1172,0,0,0,0
11305,4,35970,38344020,78,820000000,78820000000,6,1306,13536,14429376,451,0,3,3236,3404,0,0,0,0
11305,4,35970,38344020,78,820000000,78820000000,6,1306,13536,14429376,451,0,4,3404,3236,0,0,0,0
11305,4,35970,38344020,78,820000000,78820000000,6,1306,13536,14429376,451,0,2,3427,1422,0,0,0,0
11305,4,35970,38344020,78,820000000,78820000000,6,1306,13536,14429376,451,0,4,3404,3236,0,0,0,0
11305,4,41378,43115876,130,740000000,1.31E+11,6,1306,9432,9828144,314,0,1,3772,110828232,0,3838,3838,1
11305,4,41378,43115876,130,740000000,1.31E+11,6,1306,9432,9828144,314,0,4,3404,3236,0,0,0,1
11305,4,41378,43115876,130,740000000,1.31E+11,6,1306,9432,9828144,314,0,3,3404,3236,0,0,0,1
11305,4,41378,43115876,130,740000000,1.31E+11,6,1306,9432,9828144,314,0,2,3236,3404,0,0,0,1
11305,4,41378,43115876,130,740000000,1.31E+11,6,1306,9432,9828144,314,0,1,3534,1172,0,0,0,1
11305,4,41378,43115876,130,740000000,1.31E+11,6,1306,9432,9828144,314,0,1,3604,1332,0,0,0,1
11305,4,41378,43115876,130,740000000,1.31E+11,6,1306,9432,9828144,314,0,3,38838808,3488,3838,0,3838,1
11545,4,52582,54790444,170,297000000,1.70E+11,6,1943,9320,9711440,310,0,2,3413,3665,0,0,0,1
11305,4,41378,43115876,130,740000000,1.31E+11,6,1306,9432,9828144,314,0,4,3572,110831202,0,3839,3839,1
11305,4,41378,43115876,130,740000000,1.31E+11,6,1306,9432,9828144,314,0,4,3698,154068118,0,6454,6454,1
11305,4,41378,43115876,130,740000000,1.31E+11,6,1306,9432,9828144,314,0,2,3236,3404,0,0,0,1
11305,4,41378,43115876,130,740000000,1.31E+11,6,1306,9432,9828144,314,0,1,3624,1422,0,0,0,1
11305,4,41378,43115876,130,740000000,1.31E+11,6,1306,9432,9828144,314,0,4,135795796,3656,10303,0,10303,1
11305,4,41378,43115876,130,740000000,1.31E+11,6,1306,9432,9828144,314,0,1,3309,1422,0,0,0,1
11305,4,41378,43115876,130,740000000,1.31E+11,6,1306,9432,9828144,314,0,2,3702,96958160,0,6464,6464,1
11305,4,41378,43115876,130,740000000,1.31E+11,6,1306,9432,9828144,314,0,3,3488,38838808,0,3838,3838,1
11305,4,41378,43115876,130,740000000,1.31E+11,6,1306,9432,9828144,314,0,2,289862990,1886,16758,0,16758,1
11305,4,41378,43115876,130,740000000,1.31E+11,6,1306,9432,9828144,314,0,2,3750,43238248,0,2615,2615,1
11305,4,41378,43115876,130,740000000,1.31E+11,6,1306,9432,9828144,314,0,2,3584,1332,0,0,0,1
11305,4,41378,43115876,130,740000000,1.31E+11,6,1306,9432,9828144,314,0,2,3668,38836744,0,3838,3838,1
11305,4,41378,43115876,130,740000000,1.31E+11,6,1306,9432,9828144,314,0,3,3656,135797928,0,10303,10303,1
11305,4,41378,43115876,130,740000000,1.31E+11,6,1306,9432,9828144,314,0,3,110830136,3572,3838,0,3838,1
11545,4,134682,143571012,318,839000000,3.19E+11,6,1943,4288,4571008,142,0,2,3795,1492,0,0,0,1
11545,4,134682,143571012,318,839000000,3.19E+11,6,1943,4288,4571008,142,0,2,3413,3665,0,0,0,1
11545,4,134682,143571012,318,839000000,3.19E+11,6,1943,4288,4571008,142,0,4,3735,3413,0,0,0,1
11545,4,134682,143571012,318,839000000,3.19E+11,6,1943,4288,4571008,142,0,2,3865,1402,0,0,0,1
11545,4,134682,143571012,318,839000000,3.19E+11,6,1943,4288,4571008,142,0,4,536786293,4841,10120,0,10120,1
11545,4,134682,143571012,318,839000000,3.19E+11,6,1943,4288,4571008,142,0,1,4117,143926620,0,0,0,1
11545,4,134682,143571012,318,839000000,3.19E+11,6,1943,4288,4571008,142,0,3,3665,3413,0,0,0,1
11545,4,134682,143571012,318,839000000,3.19E+11,6,1943,4288,4571008,142,0,2,3413,3735,0,0,0,1
11545,4,134682,143571012,318,839000000,3.19E+11,6,1943,4288,4571008,142,0,1,3795,1242,0,0,0,1
11545,4,134682,143571012,318,839000000,3.19E+11,6,1943,4288,4571008,142,0,3,3413,3665,0,0,0,1
11545,4,134682,143571012,318,839000000,3.19E+11,6,1943,4288,4571008,142,0,3,143928631,3917,0,0,0,1
11545,4,134682,143571012,318,839000000,3.19E+11,6,1943,4288,4571008,142,0,1,3795,1242,0,0,0,1
11545,4,134682,143571012,318,839000000,3.19E+11,6,1943,4288,4571008,142,0,4,3665,3413,0,0,0,1
11545,4,134682,143571012,318,839000000,3.19E+11,6,1943,4288,4571008,142,0,1,3885,1492,0,0,0,1
11545,4,134682,143571012,318,839000000,3.19E+11,6,1943,4288,4571008,142,0,1,3845,1242,0,0,0,1
11545,4,134682,143571012,318,839000000,3.19E+11,6,1943,4288,4571008,142,0,3,3413,3665,0,0,0,1
11545,4,134682,143571012,318,839000000,3.19E+11,6,1943,4288,4571008,142,0,3,3483,3735,0,0,0,1
11545,4,134682,143571012,318,839000000,3.19E+11,6,1943,4288,4571008,142,0,4,3917,143928631,0,0,0,1
11545,4,134682,143571012,318,839000000,3.19E+11,6,1943,4288,4571008,142,0,1,3865,1402,0,0,0,1
11545,4,134682,143571012,318,839000000,3.19E+11,6,1943,4288,4571008,142,0,2,4291,120923796,0,2565,2565,1
11545,4,134682,143571012,318,839000000,3.19E+11,6,1943,4288,4571008,142,0,3,264851025,4253,2565,0,2565,1
11545,4,134682,143571012,318,839000000,3.19E+11,6,1943,4288,4571008,142,0,2,3688,1492,0,0,0,1
11545,4,134682,143571012,318,839000000,3.19E+11,6,1943,4288,4571008,142,0,3,4841,536788377,0,10120,10120,1
11545,4,134682,143571012,318,839000000,3.19E+11,6,1943,4288,4571008,142,0,1,3570,1492,0,0,0,1
11545,4,134682,143571012,318,839000000,3.19E+11,6,1943,4288,4571008,142,0,2,4173,231937032,0,2564,2564,1
11545,4,134682,143571012,318,839000000,3.19E+11,6,1943,4288,4571008,142,0,3,4463,304850503,0,7555,7555,1
11545,4,134682,143571012,318,839000000,3.19E+11,6,1943,4288,4571008,142,0,1,3775,1242,0,0,0,1
11545,4,134682,143571012,318,839000000,3.19E+11,6,1943,4288,4571008,142,0,2,801636169,3258,12685,0,12685,1
11545,4,99080,105619280,219,752000000,2.20E+11,6,1943,13650,14550900,455,0,3,143928631,3917,0,0,0,0
11545,4,134682,143571012,318,839000000,3.19E+11,6,1943,4288,4571008,142,0,4,3665,3413,0,0,0,1
11545,4,115972,120842824,370,759000000,3.71E+11,6,1943,9336,9728112,311,0,3,4463,304850503,0,7555,7555,1
11545,4,115972,120842824,370,759000000,3.71E+11,6,1943,9336,9728112,311,0,1,3795,1242,0,0,0,1
11545,4,115972,120842824,370,759000000,3.71E+11,6,1943,9336,9728112,311,0,4,3665,3413,0,0,0,1
11545,4,115972,120842824,370,759000000,3.71E+11,6,1943,9336,9728112,311,0,4,3665,3413,0,0,0,1
11545,4,115972,120842824,370,759000000,3.71E+11,6,1943,9336,9728112,311,0,1,3845,1242,0,0,0,1
11545,4,115972,120842824,370,759000000,3.71E+11,6,1943,9336,9728112,311,0,2,3795,1492,0,0,0,1
11545,4,115972,120842824,370,759000000,3.71E+11,6,1943,9336,9728112,311,0,3,3483,3735,0,0,0,1
11545,4,115972,120842824,370,759000000,3.71E+11,6,1943,9336,9728112,311,0,4,3917,143928631,0,0,0,1
11545,4,115972,120842824,370,759000000,3.71E+11,6,1943,9336,9728112,311,0,1,3865,1402,0,0,0,1
11545,4,115972,120842824,370,759000000,3.71E+11,6,1943,9336,9728112,311,0,2,4291,120923796,0,2565,2565,1
11545,4,115972,120842824,370,759000000,3.71E+11,6,1943,9336,9728112,311,0,3,264851025,4253,2565,0,2565,1
11545,4,115972,120842824,370,759000000,3.71E+11,6,1943,9336,9728112,311,0,2,3688,1492,0,0,0,1
11545,4,115972,120842824,370,759000000,3.71E+11,6,1943,9336,9728112,311,0,3,4841,536788377,0,10120,10120,1
11545,4,134682,143571012,318,839000000,3.19E+11,6,1943,4288,4571008,142,0,2,4181,143926544,0,1155,1155,1
11545,4,115972,120842824,370,759000000,3.71E+11,6,1943,9336,9728112,311,0,2,4173,231937032,0,2564,2564,1
11545,4,134682,143571012,318,839000000,3.19E+11,6,1943,4288,4571008,142,0,3,249913885,4211,4993,0,4993,1
11545,4,115972,120842824,370,759000000,3.71E+11,6,1943,9336,9728112,311,0,1,3775,1242,0,0,0,1
11545,4,115972,120842824,370,759000000,3.71E+11,6,1943,9336,9728112,311,0,2,801636169,3258,12685,0,12685,1
11545,4,115972,120842824,370,759000000,3.71E+11,6,1943,9336,9728112,311,0,1,4005,105986412,0,3838,3838,1
11545,4,115972,120842824,370,759000000,3.71E+11,6,1943,9336,9728112,311,0,2,3413,3665,0,0,0,1
11545,4,115972,120842824,370,759000000,3.71E+11,6,1943,9336,9728112,311,0,3,249913885,4211,4993,0,4993,1
11545,4,115972,120842824,370,759000000,3.71E+11,6,1943,9336,9728112,311,0,4,4253,264851025,0,2565,2565,1
11545,4,134682,143571012,318,839000000,3.19E+11,6,1943,4288,4571008,142,0,2,3845,1402,0,0,0,1
11545,4,134682,143571012,318,839000000,3.19E+11,6,1943,4288,4571008,142,0,4,304850503,4463,7554,0,7554,1
11545,4,134682,143571012,318,839000000,3.19E+11,6,1943,4288,4571008,142,0,1,4097,54937860,0,2561,2561,1
11545,4,134682,143571012,318,839000000,3.19E+11,6,1943,4288,4571008,142,0,3,4211,249913885,0,4993,4993,1
11545,4,134682,143571012,318,839000000,3.19E+11,6,1943,4288,4571008,142,0,1,3775,1492,0,0,0,1
11545,4,134682,143571012,318,839000000,3.19E+11,6,1943,4288,4571008,142,0,4,3735,3483,0,0,0,1
11545,4,134682,143571012,318,839000000,3.19E+11,6,1943,4288,4571008,142,0,2,3845,1472,0,0,0,1
11545,4,115972,120842824,370,759000000,3.71E+11,6,1943,9336,9728112,311,0,1,3570,1492,0,0,0,1
11545,4,99080,105619280,219,752000000,2.20E+11,6,1943,13650,14550900,455,0,3,4211,249913885,0,4993,4993,0
11545,4,134682,143571012,318,839000000,3.19E+11,6,1943,4288,4571008,142,0,1,4005,105986412,0,3838,3838,1
11545,4,84408,87953136,270,865000000,2.71E+11,6,1943,9334,9726028,311,0,3,4841,536788377,0,10120,10120,1
11545,4,84408,87953136,270,865000000,2.71E+11,6,1943,9334,9726028,311,0,1,3570,1492,0,0,0,1
11545,4,84408,87953136,270,865000000,2.71E+11,6,1943,9334,9726028,311,0,2,4173,231937032,0,2564,2564,1
11545,4,84408,87953136,270,865000000,2.71E+11,6,1943,9334,9726028,311,0,3,4463,304850503,0,7555,7555,1
11545,4,84408,87953136,270,865000000,2.71E+11,6,1943,9334,9726028,311,0,1,3775,1242,0,0,0,1
11545,4,84408,87953136,270,865000000,2.71E+11,6,1943,9334,9726028,311,0,2,801636169,3258,12685,0,12685,1
11545,4,84408,87953136,270,865000000,2.71E+11,6,1943,9334,9726028,311,0,1,4005,105986412,0,3838,3838,1
11545,4,84408,87953136,270,865000000,2.71E+11,6,1943,9334,9726028,311,0,2,3413,3665,0,0,0,1
11545,4,84408,87953136,270,865000000,2.71E+11,6,1943,9334,9726028,311,0,3,249913885,4211,4993,0,4993,1
11545,4,84408,87953136,270,865000000,2.71E+11,6,1943,9334,9726028,311,0,4,4253,264851025,0,2565,2565,1
11545,4,99080,105619280,219,752000000,2.20E+11,6,1943,13650,14550900,455,0,2,3845,1402,0,0,0,0
11545,4,84408,87953136,270,865000000,2.71E+11,6,1943,9334,9726028,311,0,3,264851025,4253,2565,0,2565,1
11545,4,99080,105619280,219,752000000,2.20E+11,6,1943,13650,14550900,455,0,1,4097,54937860,0,2561,2561,0
11545,4,84408,87953136,270,865000000,2.71E+11,6,1943,9334,9726028,311,0,2,4291,120923796,0,2565,2565,1
11545,4,99080,105619280,219,752000000,2.20E+11,6,1943,13650,14550900,455,0,1,3775,1492,0,0,0,0
11545,4,99080,105619280,219,752000000,2.20E+11,6,1943,13650,14550900,455,0,4,3735,3483,0,0,0,0
11545,4,99080,105619280,219,752000000,2.20E+11,6,1943,13650,14550900,455,0,2,3845,1472,0,0,0,0
11545,4,99080,105619280,219,752000000,2.20E+11,6,1943,13650,14550900,455,0,3,3413,3665,0,0,0,0
11545,4,99080,105619280,219,752000000,2.20E+11,6,1943,13650,14550900,455,0,1,3885,1492,0,0,0,0
11545,4,99080,105619280,219,752000000,2.20E+11,6,1943,13650,14550900,455,0,2,4181,143926544,0,1155,1155,0
11545,4,99080,105619280,219,752000000,2.20E+11,6,1943,13650,14550900,455,0,4,3735,3413,0,0,0,0
11545,4,99080,105619280,219,752000000,2.20E+11,6,1943,13650,14550900,455,0,2,3865,1402,0,0,0,0
11545,4,99080,105619280,219,752000000,2.20E+11,6,1943,13650,14550900,455,0,4,536786293,4841,10120,0,10120,0
11545,4,99080,105619280,219,752000000,2.20E+11,6,1943,13650,14550900,455,0,1,4117,143926620,0,0,0,0
11545,4,99080,105619280,219,752000000,2.20E+11,6,1943,13650,14550900,455,0,3,3665,3413,0,0,0,0
11545,4,99080,105619280,219,752000000,2.20E+11,6,1943,13650,14550900,455,0,2,3413,3735,0,0,0,0
11575,4,125331,130594902,400,763000000,4.01E+11,5,1943,9359,9752078,311,0,2,845183611,3496,11612,0,11612,1
11545,4,99080,105619280,219,752000000,2.20E+11,6,1943,13650,14550900,455,0,4,304850503,4463,7554,0,7554,0
11545,4,84408,87953136,270,865000000,2.71E+11,6,1943,9334,9726028,311,0,1,4117,143926620,0,0,0,1
11545,4,134682,143571012,318,839000000,3.19E+11,6,1943,4288,4571008,142,0,4,4253,264851025,0,2565,2565,1
11545,4,84408,87953136,270,865000000,2.71E+11,6,1943,9334,9726028,311,0,2,3845,1402,0,0,0,1
11545,4,84408,87953136,270,865000000,2.71E+11,6,1943,9334,9726028,311,0,4,304850503,4463,7554,0,7554,1
11545,4,84408,87953136,270,865000000,2.71E+11,6,1943,9334,9726028,311,0,1,4097,54937860,0,2561,2561,1
11545,4,84408,87953136,270,865000000,2.71E+11,6,1943,9334,9726028,311,0,3,4211,249913885,0,4993,4993,1
11545,4,84408,87953136,270,865000000,2.71E+11,6,1943,9334,9726028,311,0,1,3775,1492,0,0,0,1
11545,4,84408,87953136,270,865000000,2.71E+11,6,1943,9334,9726028,311,0,4,3735,3483,0,0,0,1
11545,4,84408,87953136,270,865000000,2.71E+11,6,1943,9334,9726028,311,0,2,3845,1472,0,0,0,1
11545,4,84408,87953136,270,865000000,2.71E+11,6,1943,9334,9726028,311,0,3,3413,3665,0,0,0,1
11545,4,84408,87953136,270,865000000,2.71E+11,6,1943,9334,9726028,311,0,1,3885,1492,0,0,0,1
11545,4,84408,87953136,270,865000000,2.71E+11,6,1943,9334,9726028,311,0,2,4181,143926544,0,1155,1155,1
11545,4,84408,87953136,270,865000000,2.71E+11,6,1943,9334,9726028,311,0,4,3735,3413,0,0,0,1
11545,4,84408,87953136,270,865000000,2.71E+11,6,1943,9334,9726028,311,0,2,3688,1492,0,0,0,1
11545,4,84408,87953136,270,865000000,2.71E+11,6,1943,9334,9726028,311,0,4,536786293,4841,10120,0,10120,1
11545,4,99080,105619280,219,752000000,2.20E+11,6,1943,13650,14550900,455,0,3,3413,3665,0,0,0,0
11545,4,84408,87953136,270,865000000,2.71E+11,6,1943,9334,9726028,311,0,3,3665,3413,0,0,0,1
11545,4,84408,87953136,270,865000000,2.71E+11,6,1943,9334,9726028,311,0,2,3413,3735,0,0,0,1
11545,4,84408,87953136,270,865000000,2.71E+11,6,1943,9334,9726028,311,0,1,3795,1242,0,0,0,1
11545,4,84408,87953136,270,865000000,2.71E+11,6,1943,9334,9726028,311,0,3,3413,3665,0,0,0,1
11545,4,84408,87953136,270,865000000,2.71E+11,6,1943,9334,9726028,311,0,3,143928631,3917,0,0,0,1
11545,4,84408,87953136,270,865000000,2.71E+11,6,1943,9334,9726028,311,0,1,3795,1242,0,0,0,1
11545,4,84408,87953136,270,865000000,2.71E+11,6,1943,9334,9726028,311,0,4,3665,3413,0,0,0,1
11545,4,84408,87953136,270,865000000,2.71E+11,6,1943,9334,9726028,311,0,4,3665,3413,0,0,0,1
11545,4,84408,87953136,270,865000000,2.71E+11,6,1943,9334,9726028,311,0,1,3845,1242,0,0,0,1
11545,4,84408,87953136,270,865000000,2.71E+11,6,1943,9334,9726028,311,0,2,3795,1492,0,0,0,1
11545,4,84408,87953136,270,865000000,2.71E+11,6,1943,9334,9726028,311,0,3,3483,3735,0,0,0,1
11545,4,84408,87953136,270,865000000,2.71E+11,6,1943,9334,9726028,311,0,4,3917,143928631,0,0,0,1
11545,4,84408,87953136,270,865000000,2.71E+11,6,1943,9334,9726028,311,0,1,3865,1402,0,0,0,1
11545,4,84408,87953136,270,865000000,2.71E+11,6,1943,9334,9726028,311,0,2,3865,1402,0,0,0,1
11605,4,129976,135434992,430,766000000,4.31E+11,5,1943,4645,4840090,154,0,2,3590,3842,0,0,0,1
11605,4,129976,135434992,430,766000000,4.31E+11,5,1943,4645,4840090,154,0,3,278700368,4360,3838,0,3838,1
11605,4,129976,135434992,430,766000000,4.31E+11,5,1943,4645,4840090,154,0,1,4224,143926620,0,0,0,1
11605,4,129976,135434992,430,766000000,4.31E+11,5,1943,4645,4840090,154,0,4,3772,3520,0,0,0,1
11605,4,129976,135434992,430,766000000,4.31E+11,5,1943,4645,4840090,154,0,2,3972,1402,0,0,0,1
