dt,switch,src,dst,pktcount,bytecount,dur,dur_nsec,tot_dur,flows,packetins,pktperflow,byteperflow,pktrate,Pairflow,Protocol,port_no,tx_bytes,rx_bytes,tx_kbps,rx_kbps,tot_kbps,label
9846,4,10.0.0.1,10.0.0.7,5662,6035692,10,588000000,10588000000,5,1910,0,0,0,0,UDP,3,6472832,3362,1725,0,1725,1
9846,4,10.0.0.1,10.0.0.7,5662,6035692,10,588000000,10588000000,5,1910,0,0,0,0,UDP,2,3472,1172,0,0,0,1
9846,4,10.0.0.1,10.0.0.7,5662,6035692,10,588000000,10588000000,5,1910,0,0,0,0,UDP,1,3542,6470592,0,1725,1725,1
9846,4,10.0.0.1,10.0.0.7,5662,6035692,10,588000000,10588000000,5,1910,0,0,0,0,UDP,1,3472,1332,0,0,0,1
9846,4,10.0.0.1,10.0.0.7,5662,6035692,10,588000000,10588000000,5,1910,0,0,0,0,UDP,4,3362,3236,0,0,0,1
9846,4,10.0.0.1,10.0.0.7,5662,6035692,10,588000000,10588000000,5,1910,0,0,0,0,UDP,3,98996058,3488,6384,0,6384,1
9846,4,10.0.0.1,10.0.0.7,5662,6035692,10,588000000,10588000000,5,1910,0,0,0,0,UDP,3,98995016,3381,6384,0,6384,1
11245,4,10.0.0.2,10.0.0.8,8960,9551360,18,814000000,18814000000,5,1298,0,0,0,0,UDP,4,3572,105431508,0,6529,6529,1
11245,4,10.0.0.2,10.0.0.8,8960,9551360,18,814000000,18814000000,5,1298,0,0,0,0,UDP,2,173499126,1634,13046,0,13046,1
11245,4,10.0.0.2,10.0.0.8,8960,9551360,18,814000000,18814000000,5,1298,0,0,0,0,UDP,4,68070744,3530,6517,0,6517,1
11245,4,10.0.0.2,10.0.0.8,8960,9551360,18,814000000,18814000000,5,1298,0,0,0,0,UDP,1,3309,1422,0,0,0,1
9876,4,10.0.0.12,10.0.0.7,86865,92598090,191,870000000,1.92E+11,5,1910,13526,14418716,450,0,UDP,3,3022,3362,0,0,0,0
9846,4,10.0.0.1,10.0.0.7,5662,6035692,10,588000000,10588000000,5,1910,0,0,0,0,UDP,2,3236,3362,0,0,0,1
11155,4,10.0.0.11,10.0.0.8,36097,38479402,79,286000000,79286000000,3,558,13593,14490138,453,0,UDP,4,3143,3059,0,0,0,0
11155,4,10.0.0.11,10.0.0.8,36097,38479402,79,286000000,79286000000,3,558,13593,14490138,453,0,UDP,3,3059,3143,0,0,0,0
11155,4,10.0.0.11,10.0.0.8,36097,38479402,79,286000000,79286000000,3,558,13593,14490138,453,0,UDP,3,38853513,3185,3838,0,3838,0
11155,4,10.0.0.11,10.0.0.8,36097,38479402,79,286000000,79286000000,3,558,13593,14490138,453,0,UDP,2,3363,1262,0,0,0,0
11155,4,10.0.0.11,10.0.0.8,36097,38479402,79,286000000,79286000000,3,558,13593,14490138,453,0,UDP,1,3273,1262,0,0,0,0
11155,4,10.0.0.11,10.0.0.8,36097,38479402,79,286000000,79286000000,3,558,13593,14490138,453,0,UDP,1,3273,1102,0,0,0,0
11155,4,10.0.0.11,10.0.0.8,36097,38479402,79,286000000,79286000000,3,558,13593,14490138,453,0,UDP,3,3059,3143,0,0,0,0
11155,4,10.0.0.11,10.0.0.8,36097,38479402,79,286000000,79286000000,3,558,13593,14490138,453,0,UDP,2,3315,14836708,0,3838,3838,0
11155,4,10.0.0.11,10.0.0.8,36097,38479402,79,286000000,79286000000,3,558,13593,14490138,453,0,UDP,1,3048,1352,0,0,0,0
11155,4,10.0.0.11,10.0.0.8,36097,38479402,79,286000000,79286000000,3,558,13593,14490138,453,0,UDP,3,3143,3059,0,0,0,0
11155,4,10.0.0.11,10.0.0.8,36097,38479402,79,286000000,79286000000,3,558,13593,14490138,453,0,UDP,2,3323,1262,0,0,0,0
11155,4,10.0.0.11,10.0.0.8,36097,38479402,79,286000000,79286000000,3,558,13593,14490138,453,0,UDP,4,14838665,3185,3838,0,3838,0
11155,4,10.0.0.11,10.0.0.8,36097,38479402,79,286000000,79286000000,3,558,13593,14490138,453,0,UDP,4,3059,3143,0,0,0,0
11155,4,10.0.0.6,10.0.0.8,13867,14782222,30,777000000,30777000000,3,558,13593,14490138,453,0,UDP,1,3253,1102,0,0,0,0
11155,4,10.0.0.11,10.0.0.8,36097,38479402,79,286000000,79286000000,3,558,13593,14490138,453,0,UDP,1,3253,1352,0,0,0,0
11155,4,10.0.0.11,10.0.0.8,36097,38479402,79,286000000,79286000000,3,558,13593,14490138,453,0,UDP,4,3185,38853513,0,3838,3838,0
11155,4,10.0.0.11,10.0.0.8,36097,38479402,79,286000000,79286000000,3,558,13593,14490138,453,0,UDP,3,3059,3143,0,0,0,0
11155,4,10.0.0.6,10.0.0.8,13867,14782222,30,777000000,30777000000,3,558,13593,14490138,453,0,UDP,2,3166,1352,0,0,0,0
11155,4,10.0.0.6,10.0.0.8,13867,14782222,30,777000000,30777000000,3,558,13593,14490138,453,0,UDP,1,3273,1102,0,0,0,0
11155,4,10.0.0.6,10.0.0.8,13867,14782222,30,777000000,30777000000,3,558,13593,14490138,453,0,UDP,4,3143,3059,0,0,0,0
11155,4,10.0.0.6,10.0.0.8,13867,14782222,30,777000000,30777000000,3,558,13593,14490138,453,0,UDP,2,3323,1262,0,0,0,0
11155,4,10.0.0.6,10.0.0.8,13867,14782222,30,777000000,30777000000,3,558,13593,14490138,453,0,UDP,2,3059,3143,0,0,0,0
11155,4,10.0.0.6,10.0.0.8,13867,14782222,30,777000000,30777000000,3,558,13593,14490138,453,0,UDP,1,3363,1352,0,0,0,0
11155,4,10.0.0.6,10.0.0.8,13867,14782222,30,777000000,30777000000,3,558,13593,14490138,453,0,UDP,3,3143,3059,0,0,0,0
11155,4,10.0.0.6,10.0.0.8,13867,14782222,30,777000000,30777000000,3,558,13593,14490138,453,0,UDP,2,3059,3143,0,0,0,0
11155,4,10.0.0.6,10.0.0.8,13867,14782222,30,777000000,30777000000,3,558,13593,14490138,453,0,UDP,3,3143,3059,0,0,0,0
11155,4,10.0.0.6,10.0.0.8,13867,14782222,30,777000000,30777000000,3,558,13593,14490138,453,0,UDP,4,3185,38853513,0,3838,3838,0
9876,4,10.0.0.12,10.0.0.7,86865,92598090,191,870000000,1.92E+11,5,1910,13526,14418716,450,0,UDP,2,3472,1172,0,0,0,0
11155,4,10.0.0.11,10.0.0.8,36097,38479402,79,286000000,79286000000,3,558,13593,14490138,453,0,UDP,1,3323,1102,0,0,0,0
9876,4,10.0.0.1,10.0.0.7,19189,20455474,40,594000000,40594000000,5,1910,13527,14419782,450,0,UDP,1,3584,20862700,0,3837,3837,0
9876,4,10.0.0.1,10.0.0.7,19189,20455474,40,594000000,40594000000,5,1910,13527,14419782,450,0,UDP,3,20864940,3404,3837,0,3837,0
9876,4,10.0.0.1,10.0.0.7,19189,20455474,40,594000000,40594000000,5,1910,13527,14419782,450,0,UDP,3,3022,3362,0,0,0,0
9876,4,10.0.0.1,10.0.0.7,19189,20455474,40,594000000,40594000000,5,1910,13527,14419782,450,0,UDP,3,3572,89738344,0,7674,7674,0
9876,4,10.0.0.1,10.0.0.7,19189,20455474,40,594000000,40594000000,5,1910,13527,14419782,450,0,UDP,1,213114126,1676,14176,0,14176,0
9876,4,10.0.0.1,10.0.0.7,19189,20455474,40,594000000,40594000000,5,1910,13527,14419782,450,0,UDP,4,3530,123378838,0,6502,6502,0
9876,4,10.0.0.1,10.0.0.7,19189,20455474,40,594000000,40594000000,5,1910,13527,14419782,450,0,UDP,2,3472,1172,0,0,0,0
9876,4,10.0.0.1,10.0.0.7,19189,20455474,40,594000000,40594000000,5,1910,13527,14419782,450,0,UDP,4,89736212,3572,7673,0,7673,0
9876,4,10.0.0.1,10.0.0.7,19189,20455474,40,594000000,40594000000,5,1910,13527,14419782,450,0,UDP,3,123376730,3423,6501,0,6501,0
9876,4,10.0.0.1,10.0.0.7,19189,20455474,40,594000000,40594000000,5,1910,13527,14419782,450,0,UDP,1,3542,1086,0,0,0,0
9876,4,10.0.0.1,10.0.0.7,19189,20455474,40,594000000,40594000000,5,1910,13527,14419782,450,0,UDP,2,3472,1172,0,0,0,0
9876,4,10.0.0.1,10.0.0.7,19189,20455474,40,594000000,40594000000,5,1910,13527,14419782,450,0,UDP,4,3362,3022,0,0,0,0
9876,4,10.0.0.1,10.0.0.7,19189,20455474,40,594000000,40594000000,5,1910,13527,14419782,450,0,UDP,2,3267,1172,0,0,0,0
11155,4,10.0.0.11,10.0.0.8,36097,38479402,79,286000000,79286000000,3,558,13593,14490138,453,0,UDP,3,3185,14839731,0,3838,3838,0
9876,4,10.0.0.1,10.0.0.7,19189,20455474,40,594000000,40594000000,5,1910,13527,14419782,450,0,UDP,3,123378838,3530,6502,0,6502,0
11155,4,10.0.0.11,10.0.0.8,36097,38479402,79,286000000,79286000000,3,558,13593,14490138,453,0,UDP,2,53690295,1270,7676,0,7676,0
9876,4,10.0.0.1,10.0.0.7,19189,20455474,40,594000000,40594000000,5,1910,13527,14419782,450,0,UDP,3,3572,89736212,0,7673,7673,0
9876,4,10.0.0.1,10.0.0.7,19189,20455474,40,594000000,40594000000,5,1910,13527,14419782,450,0,UDP,4,3423,123378838,0,6502,6502,0
9876,4,10.0.0.1,10.0.0.7,19189,20455474,40,594000000,40594000000,5,1910,13527,14419782,450,0,UDP,3,3362,3236,0,0,0,0
9876,4,10.0.0.1,10.0.0.7,19189,20455474,40,594000000,40594000000,5,1910,13527,14419782,450,0,UDP,3,3236,3362,0,0,0,0
9876,4,10.0.0.1,10.0.0.7,19189,20455474,40,594000000,40594000000,5,1910,13527,14419782,450,0,UDP,2,3236,3362,0,0,0,0
9876,4,10.0.0.1,10.0.0.7,19189,20455474,40,594000000,40594000000,5,1910,13527,14419782,450,0,UDP,1,3582,1332,0,0,0,0
9876,4,10.0.0.1,10.0.0.7,19189,20455474,40,594000000,40594000000,5,1910,13527,14419782,450,0,UDP,2,3492,1422,0,0,0,0
9876,4,10.0.0.1,10.0.0.7,19189,20455474,40,594000000,40594000000,5,1910,13527,14419782,450,0,UDP,4,3362,3236,0,0,0,0
9876,4,10.0.0.1,10.0.0.7,19189,20455474,40,594000000,40594000000,5,1910,13527,14419782,450,0,UDP,1,3369,1332,0,0,0,0
9876,4,10.0.0.1,10.0.0.7,19189,20455474,40,594000000,40594000000,5,1910,13527,14419782,450,0,UDP,2,3236,3362,0,0,0,0
9876,4,10.0.0.1,10.0.0.7,19189,20455474,40,594000000,40594000000,5,1910,13527,14419782,450,0,UDP,1,3492,1332,0,0,0,0
11155,4,10.0.0.11,10.0.0.8,36097,38479402,79,286000000,79286000000,3,558,13593,14490138,453,0,UDP,1,3253,1102,0,0,0,0
11155,4,10.0.0.6,10.0.0.8,13867,14782222,30,777000000,30777000000,3,558,13593,14490138,453,0,UDP,2,3273,1352,0,0,0,0
9876,4,10.0.0.1,10.0.0.7,19189,20455474,40,594000000,40594000000,5,1910,13527,14419782,450,0,UDP,3,3236,3362,0,0,0,0
9936,4,10.0.0.1,10.0.0.7,46100,49142600,100,594000000,1.01E+11,6,1931,13526,14418716,450,0,UDP,2,3689,1332,0,0,0,0
9936,4,10.0.0.10,10.0.0.7,16682,17382644,53,329000000,53329000000,6,1931,9435,9831270,314,0,UDP,1,3599,1332,0,0,0,1
9936,4,10.0.0.10,10.0.0.7,16682,17382644,53,329000000,53329000000,6,1931,9435,9831270,314,0,UDP,3,3413,3539,0,0,0,1
9936,4,10.0.0.10,10.0.0.7,16682,17382644,53,329000000,53329000000,6,1931,9435,9831270,314,0,UDP,1,3546,1402,0,0,0,1
9936,4,10.0.0.10,10.0.0.7,16682,17382644,53,329000000,53329000000,6,1931,9435,9831270,314,0,UDP,1,3579,1402,0,0,0,1
9936,4,10.0.0.10,10.0.0.7,16682,17382644,53,329000000,53329000000,6,1931,9435,9831270,314,0,UDP,2,3599,1492,0,0,0,1
9936,4,10.0.0.10,10.0.0.7,16682,17382644,53,329000000,53329000000,6,1931,9435,9831270,314,0,UDP,4,3539,3413,0,0,0,1
9936,4,10.0.0.10,10.0.0.7,16682,17382644,53,329000000,53329000000,6,1931,9435,9831270,314,0,UDP,1,336638161,1928,16751,0,16751,1
9936,4,10.0.0.10,10.0.0.7,16682,17382644,53,329000000,53329000000,6,1931,9435,9831270,314,0,UDP,2,3649,1172,0,0,0,1
9936,4,10.0.0.10,10.0.0.7,16682,17382644,53,329000000,53329000000,6,1931,9435,9831270,314,0,UDP,4,3539,3199,0,0,0,1
9936,4,10.0.0.10,10.0.0.7,16682,17382644,53,329000000,53329000000,6,1931,9435,9831270,314,0,UDP,2,3444,1172,0,0,0,1
9936,4,10.0.0.10,10.0.0.7,16682,17382644,53,329000000,53329000000,6,1931,9435,9831270,314,0,UDP,1,3775,49659778,0,3839,3839,1
9936,4,10.0.0.1,10.0.0.7,46100,49142600,100,594000000,1.01E+11,6,1931,13526,14418716,450,0,UDP,4,3539,3413,0,0,0,0
11155,4,10.0.0.6,10.0.0.8,13867,14782222,30,777000000,30777000000,3,558,13593,14490138,453,0,UDP,4,3143,3059,0,0,0,0
9936,4,10.0.0.1,10.0.0.7,46100,49142600,100,594000000,1.01E+11,6,1931,13526,14418716,450,0,UDP,3,3199,3539,0,0,0,0
9936,4,10.0.0.10,10.0.0.7,16682,17382644,53,329000000,53329000000,6,1931,9435,9831270,314,0,UDP,1,3943,115153380,0,6459,6459,1
9936,4,10.0.0.1,10.0.0.7,46100,49142600,100,594000000,1.01E+11,6,1931,13526,14418716,450,0,UDP,3,3539,3343,0,0,0,0
9936,4,10.0.0.1,10.0.0.7,46100,49142600,100,594000000,1.01E+11,6,1931,13526,14418716,450,0,UDP,3,171824953,3572,6452,0,6452,0
9936,4,10.0.0.1,10.0.0.7,46100,49142600,100,594000000,1.01E+11,6,1931,13526,14418716,450,0,UDP,2,3899,171822852,0,6452,6452,0
9936,4,10.0.0.1,10.0.0.7,46100,49142600,100,594000000,1.01E+11,6,1931,13526,14418716,450,0,UDP,4,3539,3343,0,0,0,0
9936,4,10.0.0.1,10.0.0.7,46100,49142600,100,594000000,1.01E+11,6,1931,13526,14418716,450,0,UDP,1,3579,1332,0,0,0,0
9936,4,10.0.0.1,10.0.0.7,46100,49142600,100,594000000,1.01E+11,6,1931,13526,14418716,450,0,UDP,2,3579,1172,0,0,0,0
9936,4,10.0.0.1,10.0.0.7,46100,49142600,100,594000000,1.01E+11,6,1931,13526,14418716,450,0,UDP,1,3669,1402,0,0,0,0
9936,4,10.0.0.1,10.0.0.7,46100,49142600,100,594000000,1.01E+11,6,1931,13526,14418716,450,0,UDP,4,3572,171824953,0,6451,6451,0
9936,4,10.0.0.1,10.0.0.7,46100,49142600,100,594000000,1.01E+11,6,1931,13526,14418716,450,0,UDP,3,3343,3539,0,0,0,0
9936,4,10.0.0.1,10.0.0.7,46100,49142600,100,594000000,1.01E+11,6,1931,13526,14418716,450,0,UDP,2,3579,1172,0,0,0,0
9936,4,10.0.0.1,10.0.0.7,46100,49142600,100,594000000,1.01E+11,6,1931,13526,14418716,450,0,UDP,3,171824953,3749,6451,0,6451,0
9936,4,10.0.0.1,10.0.0.7,46100,49142600,100,594000000,1.01E+11,6,1931,13526,14418716,450,0,UDP,4,3749,171824953,0,6452,6452,0
9936,4,10.0.0.1,10.0.0.7,46100,49142600,100,594000000,1.01E+11,6,1931,13526,14418716,450,0,UDP,1,3759,1332,0,0,0,0
9936,4,10.0.0.10,10.0.0.7,16682,17382644,53,329000000,53329000000,6,1931,9435,9831270,314,0,UDP,2,3579,1172,0,0,0,1
11155,4,10.0.0.6,10.0.0.8,13867,14782222,30,777000000,30777000000,3,558,13593,14490138,453,0,UDP,1,3253,1102,0,0,0,0
9936,4,10.0.0.10,10.0.0.7,16682,17382644,53,329000000,53329000000,6,1931,9435,9831270,314,0,UDP,4,3539,3413,0,0,0,1
9936,4,10.0.0.10,10.0.0.7,16682,17382644,53,329000000,53329000000,6,1931,9435,9831270,314,0,UDP,1,3759,1332,0,0,0,1
9936,4,10.0.0.10,10.0.0.7,16682,17382644,53,329000000,53329000000,6,1931,9435,9831270,314,0,UDP,3,3199,3539,0,0,0,1
9936,4,10.0.0.10,10.0.0.7,16682,17382644,53,329000000,53329000000,6,1931,9435,9831270,314,0,UDP,2,3689,1332,0,0,0,1
9936,4,10.0.0.10,10.0.0.7,16682,17382644,53,329000000,53329000000,6,1931,9435,9831270,314,0,UDP,3,3539,3343,0,0,0,1
9936,4,10.0.0.10,10.0.0.7,16682,17382644,53,329000000,53329000000,6,1931,9435,9831270,314,0,UDP,3,171824953,3572,6452,0,6452,1
9936,4,10.0.0.10,10.0.0.7,16682,17382644,53,329000000,53329000000,6,1931,9435,9831270,314,0,UDP,2,3899,171822852,0,6452,6452,1
9936,4,10.0.0.10,10.0.0.7,16682,17382644,53,329000000,53329000000,6,1931,9435,9831270,314,0,UDP,4,3539,3343,0,0,0,1
9936,4,10.0.0.10,10.0.0.7,16682,17382644,53,329000000,53329000000,6,1931,9435,9831270,314,0,UDP,1,3579,1332,0,0,0,1
9936,4,10.0.0.10,10.0.0.7,16682,17382644,53,329000000,53329000000,6,1931,9435,9831270,314,0,UDP,2,3579,1172,0,0,0,1
9936,4,10.0.0.10,10.0.0.7,16682,17382644,53,329000000,53329000000,6,1931,9435,9831270,314,0,UDP,1,3669,1402,0,0,0,1
9936,4,10.0.0.10,10.0.0.7,16682,17382644,53,329000000,53329000000,6,1931,9435,9831270,314,0,UDP,2,3343,3539,0,0,0,1
9936,4,10.0.0.10,10.0.0.7,16682,17382644,53,329000000,53329000000,6,1931,9435,9831270,314,0,UDP,3,3343,3539,0,0,0,1
9936,4,10.0.0.10,10.0.0.7,16682,17382644,53,329000000,53329000000,6,1931,9435,9831270,314,0,UDP,1,3689,1332,0,0,0,1
9936,4,10.0.0.10,10.0.0.7,16682,17382644,53,329000000,53329000000,6,1931,9435,9831270,314,0,UDP,3,171824953,3749,6451,0,6451,1
9936,4,10.0.0.10,10.0.0.7,16682,17382644,53,329000000,53329000000,6,1931,9435,9831270,314,0,UDP,4,3749,171824953,0,6452,6452,1
9936,4,10.0.0.10,10.0.0.7,16682,17382644,53,329000000,53329000000,6,1931,9435,9831270,314,0,UDP,3,49662055,3665,3839,0,3839,1
9936,4,10.0.0.10,10.0.0.7,16682,17382644,53,329000000,53329000000,6,1931,9435,9831270,314,0,UDP,2,3413,3539,0,0,0,1
9936,4,10.0.0.10,10.0.0.7,16682,17382644,53,329000000,53329000000,6,1931,9435,9831270,314,0,UDP,3,3959,164816371,0,10298,10298,1
9936,4,10.0.0.10,10.0.0.7,16682,17382644,53,329000000,53329000000,6,1931,9435,9831270,314,0,UDP,3,3889,164814263,0,10298,10298,1
9936,4,10.0.0.10,10.0.0.7,16682,17382644,53,329000000,53329000000,6,1931,9435,9831270,314,0,UDP,2,3649,1242,0,0,0,1
9936,4,10.0.0.10,10.0.0.7,16682,17382644,53,329000000,53329000000,6,1931,9435,9831270,314,0,UDP,1,3719,1156,0,0,0,1
9936,4,10.0.0.10,10.0.0.7,16682,17382644,53,329000000,53329000000,6,1931,9435,9831270,314,0,UDP,4,164814263,3959,10298,0,10298,1
9936,4,10.0.0.10,10.0.0.7,16682,17382644,53,329000000,53329000000,6,1931,9435,9831270,314,0,UDP,3,3665,49662055,0,3839,3839,1
9936,4,10.0.0.10,10.0.0.7,16682,17382644,53,329000000,53329000000,6,1931,9435,9831270,314,0,UDP,2,3719,1172,0,0,0,1
9936,4,10.0.0.10,10.0.0.7,16682,17382644,53,329000000,53329000000,6,1931,9435,9831270,314,0,UDP,4,164814263,3889,10298,0,10298,1
9876,4,10.0.0.1,10.0.0.7,19189,20455474,40,594000000,40594000000,5,1910,13527,14419782,450,0,UDP,1,3710,68878840,0,3837,3837,0
9936,4,10.0.0.10,10.0.0.7,16682,17382644,53,329000000,53329000000,6,1931,9435,9831270,314,0,UDP,4,3572,171824953,0,6451,6451,1
9876,4,10.0.0.3,10.0.0.7,64295,68538470,141,313000000,1.41E+11,5,1910,13526,14418716,450,0,UDP,2,3472,1172,0,0,0,0
9876,4,10.0.0.3,10.0.0.7,64295,68538470,141,313000000,1.41E+11,5,1910,13526,14418716,450,0,UDP,3,3404,20864940,0,3837,3837,0
9876,4,10.0.0.3,10.0.0.7,64295,68538470,141,313000000,1.41E+11,5,1910,13526,14418716,450,0,UDP,4,3362,3236,0,0,0,0
9876,4,10.0.0.3,10.0.0.7,64295,68538470,141,313000000,1.41E+11,5,1910,13526,14418716,450,0,UDP,2,3750,123374666,0,6501,6501,0
9876,4,10.0.0.3,10.0.0.7,64295,68538470,141,313000000,1.41E+11,5,1910,13526,14418716,450,0,UDP,4,3362,3236,0,0,0,0
9876,4,10.0.0.3,10.0.0.7,64295,68538470,141,313000000,1.41E+11,5,1910,13526,14418716,450,0,UDP,1,3582,1332,0,0,0,0
9876,4,10.0.0.3,10.0.0.7,64295,68538470,141,313000000,1.41E+11,5,1910,13526,14418716,450,0,UDP,2,3582,1332,0,0,0,0
9876,4,10.0.0.3,10.0.0.7,64295,68538470,141,313000000,1.41E+11,5,1910,13526,14418716,450,0,UDP,1,3710,68878840,0,3837,3837,0
9876,4,10.0.0.3,10.0.0.7,64295,68538470,141,313000000,1.41E+11,5,1910,13526,14418716,450,0,UDP,1,3492,1332,0,0,0,0
9876,4,10.0.0.3,10.0.0.7,64295,68538470,141,313000000,1.41E+11,5,1910,13526,14418716,450,0,UDP,2,3472,1172,0,0,0,0
9876,4,10.0.0.3,10.0.0.7,64295,68538470,141,313000000,1.41E+11,5,1910,13526,14418716,450,0,UDP,3,20864940,3404,3837,0,3837,0
9876,4,10.0.0.3,10.0.0.7,64295,68538470,141,313000000,1.41E+11,5,1910,13526,14418716,450,0,UDP,3,3022,3362,0,0,0,0
9876,4,10.0.0.3,10.0.0.7,64295,68538470,141,313000000,1.41E+11,5,1910,13526,14418716,450,0,UDP,3,3572,89738344,0,7674,7674,0
9876,4,10.0.0.1,10.0.0.7,19189,20455474,40,594000000,40594000000,5,1910,13527,14419782,450,0,UDP,2,3472,1172,0,0,0,0
9876,4,10.0.0.3,10.0.0.7,64295,68538470,141,313000000,1.41E+11,5,1910,13526,14418716,450,0,UDP,4,3530,123378838,0,6502,6502,0
9876,4,10.0.0.3,10.0.0.7,64295,68538470,141,313000000,1.41E+11,5,1910,13526,14418716,450,0,UDP,1,3472,1332,0,0,0,0
9876,4,10.0.0.3,10.0.0.7,64295,68538470,141,313000000,1.41E+11,5,1910,13526,14418716,450,0,UDP,4,89736212,3572,7673,0,7673,0
9876,4,10.0.0.3,10.0.0.7,64295,68538470,141,313000000,1.41E+11,5,1910,13526,14418716,450,0,UDP,3,123376730,3423,6501,0,6501,0
9876,4,10.0.0.3,10.0.0.7,64295,68538470,141,313000000,1.41E+11,5,1910,13526,14418716,450,0,UDP,1,3542,1086,0,0,0,0
9876,4,10.0.0.3,10.0.0.7,64295,68538470,141,313000000,1.41E+11,5,1910,13526,14418716,450,0,UDP,2,3472,1172,0,0,0,0
9876,4,10.0.0.3,10.0.0.7,64295,68538470,141,313000000,1.41E+11,5,1910,13526,14418716,450,0,UDP,4,3362,3022,0,0,0,0
9876,4,10.0.0.3,10.0.0.7,64295,68538470,141,313000000,1.41E+11,5,1910,13526,14418716,450,0,UDP,2,3267,1172,0,0,0,0
9876,4,10.0.0.3,10.0.0.7,64295,68538470,141,313000000,1.41E+11,5,1910,13526,14418716,450,0,UDP,3,3236,3362,0,0,0,0
9876,4,10.0.0.3,10.0.0.7,64295,68538470,141,313000000,1.41E+11,5,1910,13526,14418716,450,0,UDP,3,123378838,3530,6502,0,6502,0
9876,4,10.0.0.3,10.0.0.7,64295,68538470,141,313000000,1.41E+11,5,1910,13526,14418716,450,0,UDP,1,3584,20862700,0,3837,3837,0
9876,4,10.0.0.3,10.0.0.7,64295,68538470,141,313000000,1.41E+11,5,1910,13526,14418716,450,0,UDP,3,3572,89736212,0,7673,7673,0
9876,4,10.0.0.3,10.0.0.7,64295,68538470,141,313000000,1.41E+11,5,1910,13526,14418716,450,0,UDP,4,3423,123378838,0,6502,6502,0
9876,4,10.0.0.3,10.0.0.7,64295,68538470,141,313000000,1.41E+11,5,1910,13526,14418716,450,0,UDP,3,3362,3236,0,0,0,0
9876,4,10.0.0.3,10.0.0.7,64295,68538470,141,313000000,1.41E+11,5,1910,13526,14418716,450,0,UDP,1,213114126,1676,14176,0,14176,0
9876,4,10.0.0.12,10.0.0.7,86865,92598090,191,870000000,1.92E+11,5,1910,13526,14418716,450,0,UDP,3,3572,89736212,0,7673,7673,0
12235,4,10.0.0.5,10.0.0.8,130900,139539400,290,749000000,2.91E+11,2,2242,13685,14588210,456,0,UDP,2,4233,1562,0,0,0,0
9876,4,10.0.0.12,10.0.0.7,86865,92598090,191,870000000,1.92E+11,5,1910,13526,14418716,450,0,UDP,3,3572,89738344,0,7674,7674,0
9876,4,10.0.0.12,10.0.0.7,86865,92598090,191,870000000,1.92E+11,5,1910,13526,14418716,450,0,UDP,1,213114126,1676,14176,0,14176,0
9876,4,10.0.0.12,10.0.0.7,86865,92598090,191,870000000,1.92E+11,5,1910,13526,14418716,450,0,UDP,4,3530,123378838,0,6502,6502,0
9876,4,10.0.0.12,10.0.0.7,86865,92598090,191,870000000,1.92E+11,5,1910,13526,14418716,450,0,UDP,2,3472,1172,0,0,0,0
9876,4,10.0.0.12,10.0.0.7,86865,92598090,191,870000000,1.92E+11,5,1910,13526,14418716,450,0,UDP,4,89736212,3572,7673,0,7673,0
9876,4,10.0.0.12,10.0.0.7,86865,92598090,191,870000000,1.92E+11,5,1910,13526,14418716,450,0,UDP,3,123376730,3423,6501,0,6501,0
9876,4,10.0.0.12,10.0.0.7,86865,92598090,191,870000000,1.92E+11,5,1910,13526,14418716,450,0,UDP,1,3542,1086,0,0,0,0
9876,4,10.0.0.12,10.0.0.7,86865,92598090,191,870000000,1.92E+11,5,1910,13526,14418716,450,0,UDP,2,3472,1172,0,0,0,0
9876,4,10.0.0.12,10.0.0.7,86865,92598090,191,870000000,1.92E+11,5,1910,13526,14418716,450,0,UDP,4,3362,3022,0,0,0,0
9876,4,10.0.0.12,10.0.0.7,86865,92598090,191,870000000,1.92E+11,5,1910,13526,14418716,450,0,UDP,2,3267,1172,0,0,0,0
9876,4,10.0.0.12,10.0.0.7,86865,92598090,191,870000000,1.92E+11,5,1910,13526,14418716,450,0,UDP,3,3236,3362,0,0,0,0
9876,4,10.0.0.3,10.0.0.7,64295,68538470,141,313000000,1.41E+11,5,1910,13526,14418716,450,0,UDP,2,3542,1172,0,0,0,0
9876,4,10.0.0.12,10.0.0.7,86865,92598090,191,870000000,1.92E+11,5,1910,13526,14418716,450,0,UDP,1,3584,20862700,0,3837,3837,0
9876,4,10.0.0.3,10.0.0.7,64295,68538470,141,313000000,1.41E+11,5,1910,13526,14418716,450,0,UDP,4,89742608,3572,7675,0,7675,0
9876,4,10.0.0.12,10.0.0.7,86865,92598090,191,870000000,1.92E+11,5,1910,13526,14418716,450,0,UDP,4,3423,123378838,0,6502,6502,0
9876,4,10.0.0.12,10.0.0.7,86865,92598090,191,870000000,1.92E+11,5,1910,13526,14418716,450,0,UDP,3,3362,3236,0,0,0,0
9876,4,10.0.0.12,10.0.0.7,86865,92598090,191,870000000,1.92E+11,5,1910,13526,14418716,450,0,UDP,3,3236,3362,0,0,0,0
9876,4,10.0.0.12,10.0.0.7,86865,92598090,191,870000000,1.92E+11,5,1910,13526,14418716,450,0,UDP,2,3236,3362,0,0,0,0
9876,4,10.0.0.12,10.0.0.7,86865,92598090,191,870000000,1.92E+11,5,1910,13526,14418716,450,0,UDP,1,3582,1332,0,0,0,0
9876,4,10.0.0.12,10.0.0.7,86865,92598090,191,870000000,1.92E+11,5,1910,13526,14418716,450,0,UDP,2,3492,1422,0,0,0,0
9876,4,10.0.0.12,10.0.0.7,86865,92598090,191,870000000,1.92E+11,5,1910,13526,14418716,450,0,UDP,4,3362,3236,0,0,0,0
9876,4,10.0.0.12,10.0.0.7,86865,92598090,191,870000000,1.92E+11,5,1910,13526,14418716,450,0,UDP,1,3369,1332,0,0,0,0
9876,4,10.0.0.12,10.0.0.7,86865,92598090,191,870000000,1.92E+11,5,1910,13526,14418716,450,0,UDP,2,3236,3362,0,0,0,0
9876,4,10.0.0.12,10.0.0.7,86865,92598090,191,870000000,1.92E+11,5,1910,13526,14418716,450,0,UDP,1,3492,1332,0,0,0,0
9876,4,10.0.0.3,10.0.0.7,64295,68538470,141,313000000,1.41E+11,5,1910,13526,14418716,450,0,UDP,2,3472,1172,0,0,0,0
9876,4,10.0.0.3,10.0.0.7,64295,68538470,141,313000000,1.41E+11,5,1910,13526,14418716,450,0,UDP,1,3472,1332,0,0,0,0
9876,4,10.0.0.3,10.0.0.7,64295,68538470,141,313000000,1.41E+11,5,1910,13526,14418716,450,0,UDP,1,3582,1332,0,0,0,0
9876,4,10.0.0.12,10.0.0.7,86865,92598090,191,870000000,1.92E+11,5,1910,13526,14418716,450,0,UDP,3,123378838,3530,6502,0,6502,0
9876,4,10.0.0.18,10.0.0.7,29263,30492046,93,420000000,93420000000,5,1910,9606,10009452,320,0,UDP,2,3236,3362,0,0,0,1
9876,4,10.0.0.3,10.0.0.7,64295,68538470,141,313000000,1.41E+11,5,1910,13526,14418716,450,0,UDP,3,3236,3362,0,0,0,0
9876,4,10.0.0.18,10.0.0.7,29263,30492046,93,420000000,93420000000,5,1910,9606,10009452,320,0,UDP,2,3267,1172,0,0,0,1
9876,4,10.0.0.18,10.0.0.7,29263,30492046,93,420000000,93420000000,5,1910,9606,10009452,320,0,UDP,3,3236,3362,0,0,0,1
9876,4,10.0.0.18,10.0.0.7,29263,30492046,93,420000000,93420000000,5,1910,9606,10009452,320,0,UDP,3,123378838,3530,6502,0,6502,1
9876,4,10.0.0.18,10.0.0.7,29263,30492046,93,420000000,93420000000,5,1910,9606,10009452,320,0,UDP,1,3584,20862700,0,3837,3837,1
9876,4,10.0.0.18,10.0.0.7,29263,30492046,93,420000000,93420000000,5,1910,9606,10009452,320,0,UDP,3,3572,89736212,0,7673,7673,1
9876,4,10.0.0.18,10.0.0.7,29263,30492046,93,420000000,93420000000,5,1910,9606,10009452,320,0,UDP,4,3423,123378838,0,6502,6502,1
9876,4,10.0.0.18,10.0.0.7,29263,30492046,93,420000000,93420000000,5,1910,9606,10009452,320,0,UDP,3,3362,3236,0,0,0,1
9876,4,10.0.0.18,10.0.0.7,29263,30492046,93,420000000,93420000000,5,1910,9606,10009452,320,0,UDP,3,3236,3362,0,0,0,1
9876,4,10.0.0.18,10.0.0.7,29263,30492046,93,420000000,93420000000,5,1910,9606,10009452,320,0,UDP,2,3236,3362,0,0,0,1
9876,4,10.0.0.18,10.0.0.7,29263,30492046,93,420000000,93420000000,5,1910,9606,10009452,320,0,UDP,1,3582,1332,0,0,0,1
9876,4,10.0.0.18,10.0.0.7,29263,30492046,93,420000000,93420000000,5,1910,9606,10009452,320,0,UDP,2,3492,1422,0,0,0,1
9876,4,10.0.0.18,10.0.0.7,29263,30492046,93,420000000,93420000000,5,1910,9606,10009452,320,0,UDP,2,3472,1172,0,0,0,1
9876,4,10.0.0.18,10.0.0.7,29263,30492046,93,420000000,93420000000,5,1910,9606,10009452,320,0,UDP,1,3369,1332,0,0,0,1
9876,4,10.0.0.18,10.0.0.7,29263,30492046,93,420000000,93420000000,5,1910,9606,10009452,320,0,UDP,1,3542,1086,0,0,0,1
9876,4,10.0.0.18,10.0.0.7,29263,30492046,93,420000000,93420000000,5,1910,9606,10009452,320,0,UDP,1,3492,1332,0,0,0,1
9876,4,10.0.0.1,10.0.0.7,19189,20455474,40,594000000,40594000000,5,1910,13527,14419782,450,0,UDP,2,3472,1172,0,0,0,0
9876,4,10.0.0.1,10.0.0.7,19189,20455474,40,594000000,40594000000,5,1910,13527,14419782,450,0,UDP,1,3472,1332,0,0,0,0
9876,4,10.0.0.1,10.0.0.7,19189,20455474,40,594000000,40594000000,5,1910,13527,14419782,450,0,UDP,1,3472,1332,0,0,0,0
9876,4,10.0.0.1,10.0.0.7,19189,20455474,40,594000000,40594000000,5,1910,13527,14419782,450,0,UDP,4,89742608,3572,7675,0,7675,0
9876,4,10.0.0.1,10.0.0.7,19189,20455474,40,594000000,40594000000,5,1910,13527,14419782,450,0,UDP,2,3542,1172,0,0,0,0
9876,4,10.0.0.1,10.0.0.7,19189,20455474,40,594000000,40594000000,5,1910,13527,14419782,450,0,UDP,3,3404,20864940,0,3837,3837,0
9876,4,10.0.0.1,10.0.0.7,19189,20455474,40,594000000,40594000000,5,1910,13527,14419782,450,0,UDP,4,3362,3236,0,0,0,0
9876,4,10.0.0.1,10.0.0.7,19189,20455474,40,594000000,40594000000,5,1910,13527,14419782,450,0,UDP,2,3750,123374666,0,6501,6501,0
9876,4,10.0.0.1,10.0.0.7,19189,20455474,40,594000000,40594000000,5,1910,13527,14419782,450,0,UDP,4,3362,3236,0,0,0,0
9876,4,10.0.0.1,10.0.0.7,19189,20455474,40,594000000,40594000000,5,1910,13527,14419782,450,0,UDP,1,3582,1332,0,0,0,0
9876,4,10.0.0.1,10.0.0.7,19189,20455474,40,594000000,40594000000,5,1910,13527,14419782,450,0,UDP,2,3582,1332,0,0,0,0
9876,4,10.0.0.12,10.0.0.7,86865,92598090,191,870000000,1.92E+11,5,1910,13526,14418716,450,0,UDP,3,20864940,3404,3837,0,3837,0
9876,4,10.0.0.18,10.0.0.7,29263,30492046,93,420000000,93420000000,5,1910,9606,10009452,320,0,UDP,4,3362,3236,0,0,0,1
9876,4,10.0.0.18,10.0.0.7,29263,30492046,93,420000000,93420000000,5,1910,9606,10009452,320,0,UDP,4,3362,3236,0,0,0,1
9876,4,10.0.0.1,10.0.0.7,19189,20455474,40,594000000,40594000000,5,1910,13527,14419782,450,0,UDP,1,3492,1332,0,0,0,0
9876,4,10.0.0.3,10.0.0.7,64295,68538470,141,313000000,1.41E+11,5,1910,13526,14418716,450,0,UDP,2,3492,1422,0,0,0,0
9876,4,10.0.0.3,10.0.0.7,64295,68538470,141,313000000,1.41E+11,5,1910,13526,14418716,450,0,UDP,4,3362,3236,0,0,0,0
9876,4,10.0.0.3,10.0.0.7,64295,68538470,141,313000000,1.41E+11,5,1910,13526,14418716,450,0,UDP,1,3369,1332,0,0,0,0
9876,4,10.0.0.3,10.0.0.7,64295,68538470,141,313000000,1.41E+11,5,1910,13526,14418716,450,0,UDP,2,3236,3362,0,0,0,0
9876,4,10.0.0.3,10.0.0.7,64295,68538470,141,313000000,1.41E+11,5,1910,13526,14418716,450,0,UDP,1,3492,1332,0,0,0,0
9876,4,10.0.0.18,10.0.0.7,29263,30492046,93,420000000,93420000000,5,1910,9606,10009452,320,0,UDP,2,3472,1172,0,0,0,1
9876,4,10.0.0.18,10.0.0.7,29263,30492046,93,420000000,93420000000,5,1910,9606,10009452,320,0,UDP,1,3472,1332,0,0,0,1
9876,4,10.0.0.18,10.0.0.7,29263,30492046,93,420000000,93420000000,5,1910,9606,10009452,320,0,UDP,1,3472,1332,0,0,0,1
9876,4,10.0.0.18,10.0.0.7,29263,30492046,93,420000000,93420000000,5,1910,9606,10009452,320,0,UDP,4,89742608,3572,7675,0,7675,1
9876,4,10.0.0.18,10.0.0.7,29263,30492046,93,420000000,93420000000,5,1910,9606,10009452,320,0,UDP,2,3542,1172,0,0,0,1
9876,4,10.0.0.18,10.0.0.7,29263,30492046,93,420000000,93420000000,5,1910,9606,10009452,320,0,UDP,3,3404,20864940,0,3837,3837,1
9876,4,10.0.0.18,10.0.0.7,29263,30492046,93,420000000,93420000000,5,1910,9606,10009452,320,0,UDP,4,3362,3022,0,0,0,1
9876,4,10.0.0.18,10.0.0.7,29263,30492046,93,420000000,93420000000,5,1910,9606,10009452,320,0,UDP,2,3750,123374666,0,6501,6501,1
9876,4,10.0.0.3,10.0.0.7,64295,68538470,141,313000000,1.41E+11,5,1910,13526,14418716,450,0,UDP,2,3236,3362,0,0,0,0
9876,4,10.0.0.18,10.0.0.7,29263,30492046,93,420000000,93420000000,5,1910,9606,10009452,320,0,UDP,1,3582,1332,0,0,0,1
9876,4,10.0.0.18,10.0.0.7,29263,30492046,93,420000000,93420000000,5,1910,9606,10009452,320,0,UDP,2,3582,1332,0,0,0,1
9876,4,10.0.0.18,10.0.0.7,29263,30492046,93,420000000,93420000000,5,1910,9606,10009452,320,0,UDP,1,3710,68878840,0,3837,3837,1
9876,4,10.0.0.18,10.0.0.7,29263,30492046,93,420000000,93420000000,5,1910,9606,10009452,320,0,UDP,1,3492,1332,0,0,0,1
9876,4,10.0.0.18,10.0.0.7,29263,30492046,93,420000000,93420000000,5,1910,9606,10009452,320,0,UDP,2,3472,1172,0,0,0,1
9876,4,10.0.0.18,10.0.0.7,29263,30492046,93,420000000,93420000000,5,1910,9606,10009452,320,0,UDP,3,20864940,3404,3837,0,3837,1
9876,4,10.0.0.18,10.0.0.7,29263,30492046,93,420000000,93420000000,5,1910,9606,10009452,320,0,UDP,3,3022,3362,0,0,0,1
9876,4,10.0.0.18,10.0.0.7,29263,30492046,93,420000000,93420000000,5,1910,9606,10009452,320,0,UDP,3,3572,89738344,0,7674,7674,1
9876,4,10.0.0.18,10.0.0.7,29263,30492046,93,420000000,93420000000,5,1910,9606,10009452,320,0,UDP,1,213114126,1676,14176,0,14176,1
9876,4,10.0.0.18,10.0.0.7,29263,30492046,93,420000000,93420000000,5,1910,9606,10009452,320,0,UDP,4,3530,123378838,0,6502,6502,1
9876,4,10.0.0.18,10.0.0.7,29263,30492046,93,420000000,93420000000,5,1910,9606,10009452,320,0,UDP,2,3472,1172,0,0,0,1
9876,4,10.0.0.18,10.0.0.7,29263,30492046,93,420000000,93420000000,5,1910,9606,10009452,320,0,UDP,4,89736212,3572,7673,0,7673,1
9876,4,10.0.0.18,10.0.0.7,29263,30492046,93,420000000,93420000000,5,1910,9606,10009452,320,0,UDP,3,123376730,3423,6501,0,6501,1
9876,4,10.0.0.18,10.0.0.7,29263,30492046,93,420000000,93420000000,5,1910,9606,10009452,320,0,UDP,4,3362,3236,0,0,0,1
11635,4,10.0.0.1,10.0.0.8,134790,143686140,309,762000000,3.10E+11,4,1943,8641,9211306,288,0,UDP,2,910497206,3706,7165,0,7165,1
11635,4,10.0.0.1,10.0.0.8,134790,143686140,309,762000000,3.10E+11,4,1943,8641,9211306,288,0,UDP,3,3590,3842,0,0,0,1
11635,4,10.0.0.1,10.0.0.8,134790,143686140,309,762000000,3.10E+11,4,1943,8641,9211306,288,0,UDP,1,4266,143970278,0,2452,2452,1
11635,4,10.0.0.1,10.0.0.8,134790,143686140,309,762000000,3.10E+11,4,1943,8641,9211306,288,0,UDP,3,3520,3842,0,0,0,1
11635,4,10.0.0.1,10.0.0.8,134790,143686140,309,762000000,3.10E+11,4,1943,8641,9211306,288,0,UDP,2,3865,1562,0,0,0,1
11635,4,10.0.0.1,10.0.0.8,134790,143686140,309,762000000,3.10E+11,4,1943,8641,9211306,288,0,UDP,1,3972,1312,0,0,0,1
11635,4,10.0.0.1,10.0.0.8,134790,143686140,309,762000000,3.10E+11,4,1943,8641,9211306,288,0,UDP,4,3842,3590,0,0,0,1
11635,4,10.0.0.1,10.0.0.8,134790,143686140,309,762000000,3.10E+11,4,1943,8641,9211306,288,0,UDP,1,3882,1312,0,0,0,1
11635,4,10.0.0.1,10.0.0.8,134790,143686140,309,762000000,3.10E+11,4,1943,8641,9211306,288,0,UDP,2,3952,1472,0,0,0,1
11635,4,10.0.0.1,10.0.0.8,134790,143686140,309,762000000,3.10E+11,4,1943,8641,9211306,288,0,UDP,2,3972,1402,0,0,0,1
11635,4,10.0.0.1,10.0.0.8,134790,143686140,309,762000000,3.10E+11,4,1943,8641,9211306,288,0,UDP,1,3952,1562,0,0,0,1
11635,4,10.0.0.1,10.0.0.8,134790,143686140,309,762000000,3.10E+11,4,1943,8641,9211306,288,0,UDP,3,143928808,4094,0,0,0,1
11635,4,10.0.0.1,10.0.0.8,134790,143686140,309,762000000,3.10E+11,4,1943,8641,9211306,288,0,UDP,2,4358,143926544,0,0,0,1
11665,4,10.0.0.13,10.0.0.8,119352,124364784,390,882000000,3.91E+11,3,1943,7952,8285984,265,0,UDP,3,3590,3842,0,0,0,1
11635,4,10.0.0.1,10.0.0.8,134790,143686140,309,762000000,3.10E+11,4,1943,8641,9211306,288,0,UDP,4,4514,279389270,0,0,0,1
11635,4,10.0.0.1,10.0.0.8,134790,143686140,309,762000000,3.10E+11,4,1943,8641,9211306,288,0,UDP,2,3590,3842,0,0,0,1
11635,4,10.0.0.1,10.0.0.8,134790,143686140,309,762000000,3.10E+11,4,1943,8641,9211306,288,0,UDP,3,5312,631111346,0,7165,7165,1
11635,4,10.0.0.1,10.0.0.8,134790,143686140,309,762000000,3.10E+11,4,1943,8641,9211306,288,0,UDP,1,3972,1312,0,0,0,1
11635,4,10.0.0.1,10.0.0.8,134790,143686140,309,762000000,3.10E+11,4,1943,8641,9211306,288,0,UDP,3,3520,3842,0,0,0,1
11635,4,10.0.0.1,10.0.0.8,134790,143686140,309,762000000,3.10E+11,4,1943,8641,9211306,288,0,UDP,2,3590,3842,0,0,0,1
11635,4,10.0.0.1,10.0.0.8,134790,143686140,309,762000000,3.10E+11,4,1943,8641,9211306,288,0,UDP,4,4094,143928808,0,0,0,1
11635,4,10.0.0.1,10.0.0.8,134790,143686140,309,762000000,3.10E+11,4,1943,8641,9211306,288,0,UDP,1,3972,1402,0,0,0,1
11635,4,10.0.0.1,10.0.0.8,134790,143686140,309,762000000,3.10E+11,4,1943,8641,9211306,288,0,UDP,4,371009240,4850,4811,0,4811,1
11635,4,10.0.0.1,10.0.0.8,134790,143686140,309,762000000,3.10E+11,4,1943,8641,9211306,288,0,UDP,1,4400,83112694,0,2358,2358,1
11635,4,10.0.0.1,10.0.0.8,134790,143686140,309,762000000,3.10E+11,4,1943,8641,9211306,288,0,UDP,2,4482,135461864,0,0,0,1
11635,4,10.0.0.1,10.0.0.8,134790,143686140,309,762000000,3.10E+11,4,1943,8641,9211306,288,0,UDP,3,279389270,4514,0,0,0,1
11635,4,10.0.0.1,10.0.0.8,134790,143686140,309,762000000,3.10E+11,4,1943,8641,9211306,288,0,UDP,1,3992,1492,0,0,0,1
11635,4,10.0.0.1,10.0.0.8,134790,143686140,309,762000000,3.10E+11,4,1943,8641,9211306,288,0,UDP,2,3952,1472,0,0,0,1
11635,4,10.0.0.1,10.0.0.8,134790,143686140,309,762000000,3.10E+11,4,1943,8641,9211306,288,0,UDP,3,287897858,4472,2452,0,2452,1
11635,4,10.0.0.13,10.0.0.8,111400,116078800,360,875000000,3.61E+11,4,1943,8392,8744464,279,0,UDP,3,279389270,4514,0,0,0,1
11635,4,10.0.0.13,10.0.0.8,111400,116078800,360,875000000,3.61E+11,4,1943,8392,8744464,279,0,UDP,3,143928808,4094,0,0,0,1
11635,4,10.0.0.13,10.0.0.8,111400,116078800,360,875000000,3.61E+11,4,1943,8392,8744464,279,0,UDP,2,4358,143926544,0,0,0,1
11635,4,10.0.0.13,10.0.0.8,111400,116078800,360,875000000,3.61E+11,4,1943,8392,8744464,279,0,UDP,3,287897858,4472,2452,0,2452,1
11635,4,10.0.0.13,10.0.0.8,111400,116078800,360,875000000,3.61E+11,4,1943,8392,8744464,279,0,UDP,4,4514,279389270,0,0,0,1
11635,4,10.0.0.13,10.0.0.8,111400,116078800,360,875000000,3.61E+11,4,1943,8392,8744464,279,0,UDP,2,910497206,3706,7165,0,7165,1
11635,4,10.0.0.13,10.0.0.8,111400,116078800,360,875000000,3.61E+11,4,1943,8392,8744464,279,0,UDP,3,5312,631111346,0,7165,7165,1
11635,4,10.0.0.13,10.0.0.8,111400,116078800,360,875000000,3.61E+11,4,1943,8392,8744464,279,0,UDP,1,3972,1312,0,0,0,1
11635,4,10.0.0.13,10.0.0.8,111400,116078800,360,875000000,3.61E+11,4,1943,8392,8744464,279,0,UDP,3,3520,3842,0,0,0,1
11635,4,10.0.0.13,10.0.0.8,111400,116078800,360,875000000,3.61E+11,4,1943,8392,8744464,279,0,UDP,2,3590,3842,0,0,0,1
11635,4,10.0.0.13,10.0.0.8,111400,116078800,360,875000000,3.61E+11,4,1943,8392,8744464,279,0,UDP,4,4094,143928808,0,0,0,1
11635,4,10.0.0.13,10.0.0.8,111400,116078800,360,875000000,3.61E+11,4,1943,8392,8744464,279,0,UDP,1,3972,1402,0,0,0,1
11635,4,10.0.0.13,10.0.0.8,111400,116078800,360,875000000,3.61E+11,4,1943,8392,8744464,279,0,UDP,4,371009240,4850,4811,0,4811,1
11635,4,10.0.0.1,10.0.0.8,134790,143686140,309,762000000,3.10E+11,4,1943,8641,9211306,288,0,UDP,2,4434,260103418,0,2354,2354,1
11635,4,10.0.0.13,10.0.0.8,111400,116078800,360,875000000,3.61E+11,4,1943,8392,8744464,279,0,UDP,2,4482,135461864,0,0,0,1
11635,4,10.0.0.1,10.0.0.8,134790,143686140,309,762000000,3.10E+11,4,1943,8641,9211306,288,0,UDP,3,4850,371009240,0,4811,4811,1
11635,4,10.0.0.13,10.0.0.8,111400,116078800,360,875000000,3.61E+11,4,1943,8392,8744464,279,0,UDP,1,3992,1492,0,0,0,1
11635,4,10.0.0.13,10.0.0.8,111400,116078800,360,875000000,3.61E+11,4,1943,8392,8744464,279,0,UDP,2,3952,1472,0,0,0,1
11635,4,10.0.0.13,10.0.0.8,111400,116078800,360,875000000,3.61E+11,4,1943,8392,8744464,279,0,UDP,4,3842,3520,0,0,0,1
11635,4,10.0.0.13,10.0.0.8,111400,116078800,360,875000000,3.61E+11,4,1943,8392,8744464,279,0,UDP,1,3952,1312,0,0,0,1
11635,4,10.0.0.13,10.0.0.8,111400,116078800,360,875000000,3.61E+11,4,1943,8392,8744464,279,0,UDP,2,3902,1492,0,0,0,1
11635,4,10.0.0.13,10.0.0.8,111400,116078800,360,875000000,3.61E+11,4,1943,8392,8744464,279,0,UDP,4,631111346,5312,7165,0,7165,1
11635,4,10.0.0.13,10.0.0.8,111400,116078800,360,875000000,3.61E+11,4,1943,8392,8744464,279,0,UDP,1,4224,143926620,0,0,0,1
11635,4,10.0.0.13,10.0.0.8,111400,116078800,360,875000000,3.61E+11,4,1943,8392,8744464,279,0,UDP,3,4472,287897858,0,2452,2452,1
11635,4,10.0.0.1,10.0.0.8,134790,143686140,309,762000000,3.10E+11,4,1943,8641,9211306,288,0,UDP,3,3842,3590,0,0,0,1
11635,4,10.0.0.1,10.0.0.8,134790,143686140,309,762000000,3.10E+11,4,1943,8641,9211306,288,0,UDP,1,3747,1492,0,0,0,1
11635,4,10.0.0.1,10.0.0.8,134790,143686140,309,762000000,3.10E+11,4,1943,8641,9211306,288,0,UDP,4,3842,3520,0,0,0,1
11635,4,10.0.0.1,10.0.0.8,134790,143686140,309,762000000,3.10E+11,4,1943,8641,9211306,288,0,UDP,4,3842,3590,0,0,0,1
11635,4,10.0.0.1,10.0.0.8,134790,143686140,309,762000000,3.10E+11,4,1943,8641,9211306,288,0,UDP,2,3902,1492,0,0,0,1
11635,4,10.0.0.13,10.0.0.8,111400,116078800,360,875000000,3.61E+11,4,1943,8392,8744464,279,0,UDP,1,4400,83112694,0,2358,2358,1
11665,4,10.0.0.13,10.0.0.8,119352,124364784,390,882000000,3.91E+11,3,1943,7952,8285984,265,0,UDP,3,3590,3842,0,0,0,1
11635,4,10.0.0.1,10.0.0.8,134790,143686140,309,762000000,3.10E+11,4,1943,8641,9211306,288,0,UDP,4,3842,3520,0,0,0,1
11635,4,10.0.0.10,10.0.0.8,79582,82924444,260,307000000,2.60E+11,4,1943,8407,8760094,280,0,UDP,1,3972,1402,0,0,0,1
11635,4,10.0.0.10,10.0.0.8,79582,82924444,260,307000000,2.60E+11,4,1943,8407,8760094,280,0,UDP,4,371009240,4850,4811,0,4811,1
11635,4,10.0.0.10,10.0.0.8,79582,82924444,260,307000000,2.60E+11,4,1943,8407,8760094,280,0,UDP,1,4400,83112694,0,2358,2358,1
11635,4,10.0.0.10,10.0.0.8,79582,82924444,260,307000000,2.60E+11,4,1943,8407,8760094,280,0,UDP,2,4482,135461864,0,0,0,1
11635,4,10.0.0.10,10.0.0.8,79582,82924444,260,307000000,2.60E+11,4,1943,8407,8760094,280,0,UDP,3,279389270,4514,0,0,0,1
11635,4,10.0.0.10,10.0.0.8,79582,82924444,260,307000000,2.60E+11,4,1943,8407,8760094,280,0,UDP,1,3992,1492,0,0,0,1
11635,4,10.0.0.10,10.0.0.8,79582,82924444,260,307000000,2.60E+11,4,1943,8407,8760094,280,0,UDP,2,3952,1472,0,0,0,1
11635,4,10.0.0.10,10.0.0.8,79582,82924444,260,307000000,2.60E+11,4,1943,8407,8760094,280,0,UDP,4,3842,3520,0,0,0,1
11635,4,10.0.0.10,10.0.0.8,79582,82924444,260,307000000,2.60E+11,4,1943,8407,8760094,280,0,UDP,1,3952,1312,0,0,0,1
11635,4,10.0.0.10,10.0.0.8,79582,82924444,260,307000000,2.60E+11,4,1943,8407,8760094,280,0,UDP,2,3902,1492,0,0,0,1
11635,4,10.0.0.10,10.0.0.8,79582,82924444,260,307000000,2.60E+11,4,1943,8407,8760094,280,0,UDP,4,631111346,5312,7165,0,7165,1
11635,4,10.0.0.10,10.0.0.8,79582,82924444,260,307000000,2.60E+11,4,1943,8407,8760094,280,0,UDP,2,3590,3842,0,0,0,1
11635,4,10.0.0.10,10.0.0.8,79582,82924444,260,307000000,2.60E+11,4,1943,8407,8760094,280,0,UDP,3,4472,287897858,0,2452,2452,1
11635,4,10.0.0.10,10.0.0.8,79582,82924444,260,307000000,2.60E+11,4,1943,8407,8760094,280,0,UDP,3,3520,3842,0,0,0,1
11665,4,10.0.0.13,10.0.0.8,119352,124364784,390,882000000,3.91E+11,3,1943,7952,8285984,265,0,UDP,1,4266,143970278,0,0,0,1
11665,4,10.0.0.13,10.0.0.8,119352,124364784,390,882000000,3.91E+11,3,1943,7952,8285984,265,0,UDP,2,4358,143926614,0,0,0,1
11665,4,10.0.0.13,10.0.0.8,119352,124364784,390,882000000,3.91E+11,3,1943,7952,8285984,265,0,UDP,3,143928808,4094,0,0,0,1
11665,4,10.0.0.13,10.0.0.8,119352,124364784,390,882000000,3.91E+11,3,1943,7952,8285984,265,0,UDP,3,287897858,4472,0,0,0,1
11665,4,10.0.0.13,10.0.0.8,119352,124364784,390,882000000,3.91E+11,3,1943,7952,8285984,265,0,UDP,2,4022,1472,0,0,0,1
11665,4,10.0.0.13,10.0.0.8,119352,124364784,390,882000000,3.91E+11,3,1943,7952,8285984,265,0,UDP,1,3992,1562,0,0,0,1
11665,4,10.0.0.13,10.0.0.8,119352,124364784,390,882000000,3.91E+11,3,1943,7952,8285984,265,0,UDP,1,3952,1562,0,0,0,1
11665,4,10.0.0.13,10.0.0.8,119352,124364784,390,882000000,3.91E+11,3,1943,7952,8285984,265,0,UDP,1,3952,1312,0,0,0,1
11665,4,10.0.0.13,10.0.0.8,119352,124364784,390,882000000,3.91E+11,3,1943,7952,8285984,265,0,UDP,1,4442,91332032,0,2191,2191,1
11665,4,10.0.0.13,10.0.0.8,119352,124364784,390,882000000,3.91E+11,3,1943,7952,8285984,265,0,UDP,4,3842,3590,0,0,0,1
11665,4,10.0.0.13,10.0.0.8,119352,124364784,390,882000000,3.91E+11,3,1943,7952,8285984,265,0,UDP,4,3842,3590,0,0,0,1
11665,4,10.0.0.13,10.0.0.8,119352,124364784,390,882000000,3.91E+11,3,1943,7952,8285984,265,0,UDP,1,3972,1312,0,0,0,1
11605,4,10.0.0.1,10.0.0.8,126149,134474834,279,759000000,2.80E+11,5,1943,13531,14424046,451,0,UDP,1,3882,1312,0,0,0,0
11635,4,10.0.0.10,10.0.0.8,79582,82924444,260,307000000,2.60E+11,4,1943,8407,8760094,280,0,UDP,1,4224,143926620,0,0,0,1
11635,4,10.0.0.10,10.0.0.8,79582,82924444,260,307000000,2.60E+11,4,1943,8407,8760094,280,0,UDP,2,3865,1562,0,0,0,1
11635,4,10.0.0.13,10.0.0.8,111400,116078800,360,875000000,3.61E+11,4,1943,8392,8744464,279,0,UDP,2,3952,1472,0,0,0,1
11635,4,10.0.0.1,10.0.0.8,134790,143686140,309,762000000,3.10E+11,4,1943,8641,9211306,288,0,UDP,4,631111346,5312,7165,0,7165,1
11635,4,10.0.0.1,10.0.0.8,134790,143686140,309,762000000,3.10E+11,4,1943,8641,9211306,288,0,UDP,1,4224,143926620,0,0,0,1
11635,4,10.0.0.1,10.0.0.8,134790,143686140,309,762000000,3.10E+11,4,1943,8641,9211306,288,0,UDP,3,4472,287897858,0,2452,2452,1
11635,4,10.0.0.10,10.0.0.8,79582,82924444,260,307000000,2.60E+11,4,1943,8407,8760094,280,0,UDP,3,3842,3590,0,0,0,1
11635,4,10.0.0.10,10.0.0.8,79582,82924444,260,307000000,2.60E+11,4,1943,8407,8760094,280,0,UDP,1,3747,1492,0,0,0,1
11635,4,10.0.0.10,10.0.0.8,79582,82924444,260,307000000,2.60E+11,4,1943,8407,8760094,280,0,UDP,4,3842,3520,0,0,0,1
11635,4,10.0.0.10,10.0.0.8,79582,82924444,260,307000000,2.60E+11,4,1943,8407,8760094,280,0,UDP,4,3842,3590,0,0,0,1
11635,4,10.0.0.10,10.0.0.8,79582,82924444,260,307000000,2.60E+11,4,1943,8407,8760094,280,0,UDP,2,3590,3842,0,0,0,1
11635,4,10.0.0.10,10.0.0.8,79582,82924444,260,307000000,2.60E+11,4,1943,8407,8760094,280,0,UDP,3,4850,371009240,0,4811,4811,1
11635,4,10.0.0.10,10.0.0.8,79582,82924444,260,307000000,2.60E+11,4,1943,8407,8760094,280,0,UDP,2,4434,260103418,0,2354,2354,1
11635,4,10.0.0.10,10.0.0.8,79582,82924444,260,307000000,2.60E+11,4,1943,8407,8760094,280,0,UDP,3,3590,3842,0,0,0,1
11635,4,10.0.0.10,10.0.0.8,79582,82924444,260,307000000,2.60E+11,4,1943,8407,8760094,280,0,UDP,4,4094,143928808,0,0,0,1
11635,4,10.0.0.10,10.0.0.8,79582,82924444,260,307000000,2.60E+11,4,1943,8407,8760094,280,0,UDP,3,3520,3842,0,0,0,1
11635,4,10.0.0.1,10.0.0.8,134790,143686140,309,762000000,3.10E+11,4,1943,8641,9211306,288,0,UDP,1,3952,1312,0,0,0,1
11635,4,10.0.0.10,10.0.0.8,79582,82924444,260,307000000,2.60E+11,4,1943,8407,8760094,280,0,UDP,1,3972,1312,0,0,0,1
11635,4,10.0.0.10,10.0.0.8,79582,82924444,260,307000000,2.60E+11,4,1943,8407,8760094,280,0,UDP,4,3842,3590,0,0,0,1
11635,4,10.0.0.10,10.0.0.8,79582,82924444,260,307000000,2.60E+11,4,1943,8407,8760094,280,0,UDP,1,3882,1312,0,0,0,1
11635,4,10.0.0.10,10.0.0.8,79582,82924444,260,307000000,2.60E+11,4,1943,8407,8760094,280,0,UDP,2,3952,1472,0,0,0,1
11635,4,10.0.0.10,10.0.0.8,79582,82924444,260,307000000,2.60E+11,4,1943,8407,8760094,280,0,UDP,2,3972,1402,0,0,0,1
11635,4,10.0.0.10,10.0.0.8,79582,82924444,260,307000000,2.60E+11,4,1943,8407,8760094,280,0,UDP,1,3952,1562,0,0,0,1
11635,4,10.0.0.10,10.0.0.8,79582,82924444,260,307000000,2.60E+11,4,1943,8407,8760094,280,0,UDP,3,143928808,4094,0,0,0,1
11635,4,10.0.0.10,10.0.0.8,79582,82924444,260,307000000,2.60E+11,4,1943,8407,8760094,280,0,UDP,2,4358,143926544,0,0,0,1
11635,4,10.0.0.10,10.0.0.8,79582,82924444,260,307000000,2.60E+11,4,1943,8407,8760094,280,0,UDP,3,287897858,4472,2452,0,2452,1
11635,4,10.0.0.10,10.0.0.8,79582,82924444,260,307000000,2.60E+11,4,1943,8407,8760094,280,0,UDP,4,4514,279389270,0,0,0,1
11635,4,10.0.0.10,10.0.0.8,79582,82924444,260,307000000,2.60E+11,4,1943,8407,8760094,280,0,UDP,2,910497206,3706,7165,0,7165,1
11635,4,10.0.0.10,10.0.0.8,79582,82924444,260,307000000,2.60E+11,4,1943,8407,8760094,280,0,UDP,3,5312,631111346,0,7165,7165,1
11635,4,10.0.0.10,10.0.0.8,79582,82924444,260,307000000,2.60E+11,4,1943,8407,8760094,280,0,UDP,1,3972,1312,0,0,0,1
11635,4,10.0.0.10,10.0.0.8,79582,82924444,260,307000000,2.60E+11,4,1943,8407,8760094,280,0,UDP,1,4266,143970278,0,2452,2452,1
11605,4,10.0.0.10,10.0.0.8,71175,74164350,230,304000000,2.30E+11,5,1943,9243,9631206,308,0,UDP,3,3842,3590,0,0,0,1
11605,4,10.0.0.10,10.0.0.8,71175,74164350,230,304000000,2.30E+11,5,1943,9243,9631206,308,0,UDP,4,4094,143928808,0,0,0,1
11605,4,10.0.0.10,10.0.0.8,71175,74164350,230,304000000,2.30E+11,5,1943,9243,9631206,308,0,UDP,3,278700368,4360,3838,0,3838,1
11605,4,10.0.0.10,10.0.0.8,71175,74164350,230,304000000,2.30E+11,5,1943,9243,9631206,308,0,UDP,1,4224,143926620,0,0,0,1
11605,4,10.0.0.10,10.0.0.8,71175,74164350,230,304000000,2.30E+11,5,1943,9243,9631206,308,0,UDP,4,3772,3520,0,0,0,1
11605,4,10.0.0.10,10.0.0.8,71175,74164350,230,304000000,2.30E+11,5,1943,9243,9631206,308,0,UDP,2,3972,1402,0,0,0,1
11605,4,10.0.0.10,10.0.0.8,71175,74164350,230,304000000,2.30E+11,5,1943,9243,9631206,308,0,UDP,3,143928808,4094,0,0,0,1
11605,4,10.0.0.10,10.0.0.8,71175,74164350,230,304000000,2.30E+11,5,1943,9243,9631206,308,0,UDP,3,5186,604242494,0,8969,8969,1
11605,4,10.0.0.10,10.0.0.8,71175,74164350,230,304000000,2.30E+11,5,1943,9243,9631206,308,0,UDP,2,883628354,3580,10251,0,10251,1
11605,4,10.0.0.10,10.0.0.8,71175,74164350,230,304000000,2.30E+11,5,1943,9243,9631206,308,0,UDP,4,4514,279389200,0,1282,1282,1
11605,4,10.0.0.10,10.0.0.8,71175,74164350,230,304000000,2.30E+11,5,1943,9243,9631206,308,0,UDP,1,3882,1312,0,0,0,1
11605,4,10.0.0.10,10.0.0.8,71175,74164350,230,304000000,2.30E+11,5,1943,9243,9631206,308,0,UDP,1,3972,1312,0,0,0,1
11605,4,10.0.0.10,10.0.0.8,71175,74164350,230,304000000,2.30E+11,5,1943,9243,9631206,308,0,UDP,2,4358,143926544,0,0,0,1
11605,4,10.0.0.10,10.0.0.8,71175,74164350,230,304000000,2.30E+11,5,1943,9243,9631206,308,0,UDP,1,3952,1242,0,0,0,1
11605,4,10.0.0.10,10.0.0.8,71175,74164350,230,304000000,2.30E+11,5,1943,9243,9631206,308,0,UDP,3,3520,3842,0,0,0,1
11605,4,10.0.0.10,10.0.0.8,71175,74164350,230,304000000,2.30E+11,5,1943,9243,9631206,308,0,UDP,3,4360,278700368,0,3838,3838,1
11605,4,10.0.0.10,10.0.0.8,71175,74164350,230,304000000,2.30E+11,5,1943,9243,9631206,308,0,UDP,2,3590,3842,0,0,0,1
11605,4,10.0.0.10,10.0.0.8,71175,74164350,230,304000000,2.30E+11,5,1943,9243,9631206,308,0,UDP,1,3972,1242,0,0,0,1
11605,4,10.0.0.10,10.0.0.8,71175,74164350,230,304000000,2.30E+11,5,1943,9243,9631206,308,0,UDP,2,3865,1562,0,0,0,1
11605,4,10.0.0.10,10.0.0.8,71175,74164350,230,304000000,2.30E+11,5,1943,9243,9631206,308,0,UDP,4,604240410,5186,8969,0,8969,1
11605,4,10.0.0.10,10.0.0.8,71175,74164350,230,304000000,2.30E+11,5,1943,9243,9631206,308,0,UDP,1,3747,1492,0,0,0,1
11605,4,10.0.0.10,10.0.0.8,71175,74164350,230,304000000,2.30E+11,5,1943,9243,9631206,308,0,UDP,3,3590,3842,0,0,0,1
11605,4,10.0.0.10,10.0.0.8,71175,74164350,230,304000000,2.30E+11,5,1943,9243,9631206,308,0,UDP,1,4224,134772718,0,3838,3838,1
11605,4,10.0.0.10,10.0.0.8,71175,74164350,230,304000000,2.30E+11,5,1943,9243,9631206,308,0,UDP,1,3882,1492,0,0,0,1
11605,4,10.0.0.10,10.0.0.8,71175,74164350,230,304000000,2.30E+11,5,1943,9243,9631206,308,0,UDP,4,3842,3590,0,0,0,1
11605,4,10.0.0.10,10.0.0.8,71175,74164350,230,304000000,2.30E+11,5,1943,9243,9631206,308,0,UDP,2,3952,1472,0,0,0,1
11605,4,10.0.0.10,10.0.0.8,71175,74164350,230,304000000,2.30E+11,5,1943,9243,9631206,308,0,UDP,3,3520,3772,0,0,0,1
11605,4,10.0.0.10,10.0.0.8,71175,74164350,230,304000000,2.30E+11,5,1943,9243,9631206,308,0,UDP,1,3992,1492,0,0,0,1
11635,4,10.0.0.13,10.0.0.8,111400,116078800,360,875000000,3.61E+11,4,1943,8392,8744464,279,0,UDP,1,3952,1562,0,0,0,1
11605,4,10.0.0.10,10.0.0.8,71175,74164350,230,304000000,2.30E+11,5,1943,9243,9631206,308,0,UDP,4,3842,3590,0,0,0,1
,,,,,,,,,,,,,,,,,,,,,,
,,,,,,,,,,,,,,,,,,,,,,
,,,,,,,,,,,,,,,,,,,,,,
,,,,,,,,,,,,,,,,,,,,,,
,,,,,,,,,,,,,,,,,,,,,,
,,,,,,,,,,,,,,,,,,,,,,
,,,,,,,,,,,,,,,,,,,,,,
,,,,,,,,,,,,,,,,,,,,,,
,,,,,,,,,,,,,,,,,,,,,,
,,,,,,,,,,,,,,,,,,,,,,
,,,,,,,,,,,,,,,,,,,,,,
,,,,,,,,,,,,,,,,,,,,,,
,,,,,,,,,,,,,,,,,,,,,,
,,,,,,,,,,,,,,,,,,,,,,
,,,,,,,,,,,,,,,,,,,,,,
,,,,,,,,,,,,,,,,,,,,,,
,,,,,,,,,,,,,,,,,,,,,,
,,,,,,,,,,,,,,,,,,,,,,
,,,,,,,,,,,,,,,,,,,,,,
,,,,,,,,,,,,,,,,,,,,,,
,,,,,,,,,,,,,,,,,,,,,,
,,,,,,,,,,,,,,,,,,,,,,
,,,,,,,,,,,,,,,,,,,,,,
,,,,,,,,,,,,,,,,,,,,,,
,,,,,,,,,,,,,,,,,,,,,,
,,,,,,,,,,,,,,,,,,,,,,
,,,,,,,,,,,,,,,,,,,,,,
,,,,,,,,,,,,,,,,,,,,,,
,,,,,,,,,,,,,,,,,,,,,,
,,,,,,,,,,,,,,,,,,,,,,
,,,,,,,,,,,,,,,,,,,,,,
,,,,,,,,,,,,,,,,,,,,,,
,,,,,,,,,,,,,,,,,,,,,,
,,,,,,,,,,,,,,,,,,,,,,
,,,,,,,,,,,,,,,,,,,,,,
,,,,,,,,,,,,,,,,,,,,,,
,,,,,,,,,,,,,,,,,,,,,,
,,,,,,,,,,,,,,,,,,,,,,
,,,,,,,,,,,,,,,,,,,,,,
,,,,,,,,,,,,,,,,,,,,,,
,,,,,,,,,,,,,,,,,,,,,,
,,,,,,,,,,,,,,,,,,,,,,
,,,,,,,,,,,,,,,,,,,,,,
,,,,,,,,,,,,,,,,,,,,,,
,,,,,,,,,,,,,,,,,,,,,,
,,,,,,,,,,,,,,,,,,,,,,
,,,,,,,,,,,,,,,,,,,,,,
,,,,,,,,,,,,,,,,,,,,,,
,,,,,,,,,,,,,,,,,,,,,,
,,,,,,,,,,,,,,,,,,,,,,
,,,,,,,,,,,,,,,,,,,,,,
,,,,,,,,,,,,,,,,,,,,,,
,,,,,,,,,,,,,,,,,,,,,,
,,,,,,,,,,,,,,,,,,,,,,
,,,,,,,,,,,,,,,,,,,,,,
,,,,,,,,,,,,,,,,,,,,,,
,,,,,,,,,,,,,,,,,,,,,,
,,,,,,,,,,,,,,,,,,,,,,
,,,,,,,,,,,,,,,,,,,,,,
,,,,,,,,,,,,,,,,,,,,,,
,,,,,,,,,,,,,,,,,,,,,,
,,,,,,,,,,,,,,,,,,,,,,
,,,,,,,,,,,,,,,,,,,,,,
,,,,,,,,,,,,,,,,,,,,,,
,,,,,,,,,,,,,,,,,,,,,,
,,,,,,,,,,,,,,,,,,,,,,
,,,,,,,,,,,,,,,,,,,,,,
,,,,,,,,,,,,,,,,,,,,,,
,,,,,,,,,,,,,,,,,,,,,,
,,,,,,,,,,,,,,,,,,,,,,
,,,,,,,,,,,,,,,,,,,,,,
,,,,,,,,,,,,,,,,,,,,,,
,,,,,,,,,,,,,,,,,,,,,,
,,,,,,,,,,,,,,,,,,,,,,
,,,,,,,,,,,,,,,,,,,,,,
,,,,,,,,,,,,,,,,,,,,,,
,,,,,,,,,,,,,,,,,,,,,,
,,,,,,,,,,,,,,,,,,,,,,
,,,,,,,,,,,,,,,,,,,,,,
,,,,,,,,,,,,,,,,,,,,,,
,,,,,,,,,,,,,,,,,,,,,,
,,,,,,,,,,,,,,,,,,,,,,
,,,,,,,,,,,,,,,,,,,,,,
,,,,,,,,,,,,,,,,,,,,,,
,,,,,,,,,,,,,,,,,,,,,,
,,,,,,,,,,,,,,,,,,,,,,
,,,,,,,,,,,,,,,,,,,,,,
,,,,,,,,,,,,,,,,,,,,,,
,,,,,,,,,,,,,,,,,,,,,,
,,,,,,,,,,,,,,,,,,,,,,
,,,,,,,,,,,,,,,,,,,,,,
,,,,,,,,,,,,,,,,,,,,,,
,,,,,,,,,,,,,,,,,,,,,,
,,,,,,,,,,,,,,,,,,,,,,
,,,,,,,,,,,,,,,,,,,,,,
,,,,,,,,,,,,,,,,,,,,,,
,,,,,,,,,,,,,,,,,,,,,,
,,,,,,,,,,,,,,,,,,,,,,
,,,,,,,,,,,,,,,,,,,,,,
,,,,,,,,,,,,,,,,,,,,,,
,,,,,,,,,,,,,,,,,,,,,,
,,,,,,,,,,,,,,,,,,,,,,
,,,,,,,,,,,,,,,,,,,,,,
,,,,,,,,,,,,,,,,,,,,,,
,,,,,,,,,,,,,,,,,,,,,,
,,,,,,,,,,,,,,,,,,,,,,
,,,,,,,,,,,,,,,,,,,,,,
,,,,,,,,,,,,,,,,,,,,,,
,,,,,,,,,,,,,,,,,,,,,,
,,,,,,,,,,,,,,,,,,,,,,
,,,,,,,,,,,,,,,,,,,,,,
,,,,,,,,,,,,,,,,,,,,,,
,,,,,,,,,,,,,,,,,,,,,,
,,,,,,,,,,,,,,,,,,,,,,
,,,,,,,,,,,,,,,,,,,,,,
,,,,,,,,,,,,,,,,,,,,,,
,,,,,,,,,,,,,,,,,,,,,,
,,,,,,,,,,,,,,,,,,,,,,
,,,,,,,,,,,,,,,,,,,,,,
,,,,,,,,,,,,,,,,,,,,,,
,,,,,,,,,,,,,,,,,,,,,,
,,,,,,,,,,,,,,,,,,,,,,
,,,,,,,,,,,,,,,,,,,,,,
,,,,,,,,,,,,,,,,,,,,,,
,,,,,,,,,,,,,,,,,,,,,,
,,,,,,,,,,,,,,,,,,,,,,
,,,,,,,,,,,,,,,,,,,,,,
,,,,,,,,,,,,,,,,,,,,,,
,,,,,,,,,,,,,,,,,,,,,,
,,,,,,,,,,,,,,,,,,,,,,
,,,,,,,,,,,,,,,,,,,,,,
,,,,,,,,,,,,,,,,,,,,,,
,,,,,,,,,,,,,,,,,,,,,,
,,,,,,,,,,,,,,,,,,,,,,
,,,,,,,,,,,,,,,,,,,,,,
,,,,,,,,,,,,,,,,,,,,,,
,,,,,,,,,,,,,,,,,,,,,,
,,,,,,,,,,,,,,,,,,,,,,
,,,,,,,,,,,,,,,,,,,,,,
,,,,,,,,,,,,,,,,,,,,,,
,,,,,,,,,,,,,,,,,,,,,,
,,,,,,,,,,,,,,,,,,,,,,
,,,,,,,,,,,,,,,,,,,,,,
,,,,,,,,,,,,,,,,,,,,,,
,,,,,,,,,,,,,,,,,,,,,,
,,,,,,,,,,,,,,,,,,,,,,
,,,,,,,,,,,,,,,,,,,,,,
,,,,,,,,,,,,,,,,,,,,,,
,,,,,,,,,,,,,,,,,,,,,,
,,,,,,,,,,,,,,,,,,,,,,
,,,,,,,,,,,,,,,,,,,,,,
,,,,,,,,,,,,,,,,,,,,,,
,,,,,,,,,,,,,,,,,,,,,,
,,,,,,,,,,,,,,,,,,,,,,
,,,,,,,,,,,,,,,,,,,,,,
,,,,,,,,,,,,,,,,,,,,,,
,,,,,,,,,,,,,,,,,,,,,,
,,,,,,,,,,,,,,,,,,,,,,
,,,,,,,,,,,,,,,,,,,,,,
,,,,,,,,,,,,,,,,,,,,,,
,,,,,,,,,,,,,,,,,,,,,,
,,,,,,,,,,,,,,,,,,,,,,
,,,,,,,,,,,,,,,,,,,,,,
,,,,,,,,,,,,,,,,,,,,,,
,,,,,,,,,,,,,,,,,,,,,,
,,,,,,,,,,,,,,,,,,,,,,
,,,,,,,,,,,,,,,,,,,,,,
,,,,,,,,,,,,,,,,,,,,,,
,,,,,,,,,,,,,,,,,,,,,,
,,,,,,,,,,,,,,,,,,,,,,
,,,,,,,,,,,,,,,,,,,,,,
,,,,,,,,,,,,,,,,,,,,,,
,,,,,,,,,,,,,,,,,,,,,,
,,,,,,,,,,,,,,,,,,,,,,
,,,,,,,,,,,,,,,,,,,,,,
,,,,,,,,,,,,,,,,,,,,,,
,,,,,,,,,,,,,,,,,,,,,,
,,,,,,,,,,,,,,,,,,,,,,
,,,,,,,,,,,,,,,,,,,,,,
,,,,,,,,,,,,,,,,,,,,,,
,,,,,,,,,,,,,,,,,,,,,,
,,,,,,,,,,,,,,,,,,,,,,
,,,,,,,,,,,,,,,,,,,,,,
,,,,,,,,,,,,,,,,,,,,,,
,,,,,,,,,,,,,,,,,,,,,,
,,,,,,,,,,,,,,,,,,,,,,
,,,,,,,,,,,,,,,,,,,,,,
,,,,,,,,,,,,,,,,,,,,,,
,,,,,,,,,,,,,,,,,,,,,,
,,,,,,,,,,,,,,,,,,,,,,
,,,,,,,,,,,,,,,,,,,,,,
,,,,,,,,,,,,,,,,,,,,,,
,,,,,,,,,,,,,,,,,,,,,,
,,,,,,,,,,,,,,,,,,,,,,
,,,,,,,,,,,,,,,,,,,,,,
,,,,,,,,,,,,,,,,,,,,,,
,,,,,,,,,,,,,,,,,,,,,,
,,,,,,,,,,,,,,,,,,,,,,
,,,,,,,,,,,,,,,,,,,,,,
,,,,,,,,,,,,,,,,,,,,,,
,,,,,,,,,,,,,,,,,,,,,,
,,,,,,,,,,,,,,,,,,,,,,
,,,,,,,,,,,,,,,,,,,,,,
,,,,,,,,,,,,,,,,,,,,,,
,,,,,,,,,,,,,,,,,,,,,,
,,,,,,,,,,,,,,,,,,,,,,
,,,,,,,,,,,,,,,,,,,,,,
,,,,,,,,,,,,,,,,,,,,,,
,,,,,,,,,,,,,,,,,,,,,,
,,,,,,,,,,,,,,,,,,,,,,
,,,,,,,,,,,,,,,,,,,,,,
,,,,,,,,,,,,,,,,,,,,,,
,,,,,,,,,,,,,,,,,,,,,,
,,,,,,,,,,,,,,,,,,,,,,
,,,,,,,,,,,,,,,,,,,,,,
,,,,,,,,,,,,,,,,,,,,,,
,,,,,,,,,,,,,,,,,,,,,,
,,,,,,,,,,,,,,,,,,,,,,
,,,,,,,,,,,,,,,,,,,,,,
,,,,,,,,,,,,,,,,,,,,,,
,,,,,,,,,,,,,,,,,,,,,,
,,,,,,,,,,,,,,,,,,,,,,
,,,,,,,,,,,,,,,,,,,,,,
,,,,,,,,,,,,,,,,,,,,,,
,,,,,,,,,,,,,,,,,,,,,,
,,,,,,,,,,,,,,,,,,,,,,
,,,,,,,,,,,,,,,,,,,,,,
,,,,,,,,,,,,,,,,,,,,,,
,,,,,,,,,,,,,,,,,,,,,,
,,,,,,,,,,,,,,,,,,,,,,
,,,,,,,,,,,,,,,,,,,,,,
,,,,,,,,,,,,,,,,,,,,,,
,,,,,,,,,,,,,,,,,,,,,,
,,,,,,,,,,,,,,,,,,,,,,
,,,,,,,,,,,,,,,,,,,,,,
,,,,,,,,,,,,,,,,,,,,,,
,,,,,,,,,,,,,,,,,,,,,,
,,,,,,,,,,,,,,,,,,,,,,
,,,,,,,,,,,,,,,,,,,,,,
,,,,,,,,,,,,,,,,,,,,,,
,,,,,,,,,,,,,,,,,,,,,,
,,,,,,,,,,,,,,,,,,,,,,
,,,,,,,,,,,,,,,,,,,,,,
,,,,,,,,,,,,,,,,,,,,,,
,,,,,,,,,,,,,,,,,,,,,,
,,,,,,,,,,,,,,,,,,,,,,
,,,,,,,,,,,,,,,,,,,,,,
,,,,,,,,,,,,,,,,,,,,,,
,,,,,,,,,,,,,,,,,,,,,,
,,,,,,,,,,,,,,,,,,,,,,
,,,,,,,,,,,,,,,,,,,,,,
,,,,,,,,,,,,,,,,,,,,,,
,,,,,,,,,,,,,,,,,,,,,,
,,,,,,,,,,,,,,,,,,,,,,
,,,,,,,,,,,,,,,,,,,,,,
,,,,,,,,,,,,,,,,,,,,,,
,,,,,,,,,,,,,,,,,,,,,,
,,,,,,,,,,,,,,,,,,,,,,
,,,,,,,,,,,,,,,,,,,,,,
,,,,,,,,,,,,,,,,,,,,,,
,,,,,,,,,,,,,,,,,,,,,,
,,,,,,,,,,,,,,,,,,,,,,
,,,,,,,,,,,,,,,,,,,,,,
,,,,,,,,,,,,,,,,,,,,,,
,,,,,,,,,,,,,,,,,,,,,,
,,,,,,,,,,,,,,,,,,,,,,
,,,,,,,,,,,,,,,,,,,,,,
,,,,,,,,,,,,,,,,,,,,,,
,,,,,,,,,,,,,,,,,,,,,,
,,,,,,,,,,,,,,,,,,,,,,
,,,,,,,,,,,,,,,,,,,,,,
,,,,,,,,,,,,,,,,,,,,,,
,,,,,,,,,,,,,,,,,,,,,,
,,,,,,,,,,,,,,,,,,,,,,
,,,,,,,,,,,,,,,,,,,,,,
,,,,,,,,,,,,,,,,,,,,,,
,,,,,,,,,,,,,,,,,,,,,,
,,,,,,,,,,,,,,,,,,,,,,
,,,,,,,,,,,,,,,,,,,,,,
,,,,,,,,,,,,,,,,,,,,,,
,,,,,,,,,,,,,,,,,,,,,,
,,,,,,,,,,,,,,,,,,,,,,
,,,,,,,,,,,,,,,,,,,,,,
,,,,,,,,,,,,,,,,,,,,,,
,,,,,,,,,,,,,,,,,,,,,,
,,,,,,,,,,,,,,,,,,,,,,
,,,,,,,,,,,,,,,,,,,,,,
,,,,,,,,,,,,,,,,,,,,,,
,,,,,,,,,,,,,,,,,,,,,,
,,,,,,,,,,,,,,,,,,,,,,
,,,,,,,,,,,,,,,,,,,,,,
,,,,,,,,,,,,,,,,,,,,,,
,,,,,,,,,,,,,,,,,,,,,,
,,,,,,,,,,,,,,,,,,,,,,
,,,,,,,,,,,,,,,,,,,,,,
,,,,,,,,,,,,,,,,,,,,,,
,,,,,,,,,,,,,,,,,,,,,,
,,,,,,,,,,,,,,,,,,,,,,
,,,,,,,,,,,,,,,,,,,,,,
,,,,,,,,,,,,,,,,,,,,,,
,,,,,,,,,,,,,,,,,,,,,,
,,,,,,,,,,,,,,,,,,,,,,
,,,,,,,,,,,,,,,,,,,,,,
,,,,,,,,,,,,,,,,,,,,,,
,,,,,,,,,,,,,,,,,,,,,,
,,,,,,,,,,,,,,,,,,,,,,
,,,,,,,,,,,,,,,,,,,,,,
,,,,,,,,,,,,,,,,,,,,,,
,,,,,,,,,,,,,,,,,,,,,,
,,,,,,,,,,,,,,,,,,,,,,
,,,,,,,,,,,,,,,,,,,,,,
,,,,,,,,,,,,,,,,,,,,,,
,,,,,,,,,,,,,,,,,,,,,,
,,,,,,,,,,,,,,,,,,,,,,
,,,,,,,,,,,,,,,,,,,,,,
,,,,,,,,,,,,,,,,,,,,,,
,,,,,,,,,,,,,,,,,,,,,,
,,,,,,,,,,,,,,,,,,,,,,
,,,,,,,,,,,,,,,,,,,,,,
,,,,,,,,,,,,,,,,,,,,,,
,,,,,,,,,,,,,,,,,,,,,,
,,,,,,,,,,,,,,,,,,,,,,
,,,,,,,,,,,,,,,,,,,,,,
,,,,,,,,,,,,,,,,,,,,,,
,,,,,,,,,,,,,,,,,,,,,,
,,,,,,,,,,,,,,,,,,,,,,
,,,,,,,,,,,,,,,,,,,,,,
,,,,,,,,,,,,,,,,,,,,,,
,,,,,,,,,,,,,,,,,,,,,,
,,,,,,,,,,,,,,,,,,,,,,
,,,,,,,,,,,,,,,,,,,,,,
,,,,,,,,,,,,,,,,,,,,,,
,,,,,,,,,,,,,,,,,,,,,,
,,,,,,,,,,,,,,,,,,,,,,
,,,,,,,,,,,,,,,,,,,,,,
,,,,,,,,,,,,,,,,,,,,,,
,,,,,,,,,,,,,,,,,,,,,,
,,,,,,,,,,,,,,,,,,,,,,
,,,,,,,,,,,,,,,,,,,,,,
,,,,,,,,,,,,,,,,,,,,,,
,,,,,,,,,,,,,,,,,,,,,,
,,,,,,,,,,,,,,,,,,,,,,
,,,,,,,,,,,,,,,,,,,,,,
,,,,,,,,,,,,,,,,,,,,,,
,,,,,,,,,,,,,,,,,,,,,,
,,,,,,,,,,,,,,,,,,,,,,
,,,,,,,,,,,,,,,,,,,,,,
,,,,,,,,,,,,,,,,,,,,,,
,,,,,,,,,,,,,,,,,,,,,,
,,,,,,,,,,,,,,,,,,,,,,
,,,,,,,,,,,,,,,,,,,,,,
,,,,,,,,,,,,,,,,,,,,,,
,,,,,,,,,,,,,,,,,,,,,,
,,,,,,,,,,,,,,,,,,,,,,
,,,,,,,,,,,,,,,,,,,,,,
,,,,,,,,,,,,,,,,,,,,,,
,,,,,,,,,,,,,,,,,,,,,,
,,,,,,,,,,,,,,,,,,,,,,
,,,,,,,,,,,,,,,,,,,,,,
,,,,,,,,,,,,,,,,,,,,,,
,,,,,,,,,,,,,,,,,,,,,,
,,,,,,,,,,,,,,,,,,,,,,
,,,,,,,,,,,,,,,,,,,,,,
,,,,,,,,,,,,,,,,,,,,,,
,,,,,,,,,,,,,,,,,,,,,,
,,,,,,,,,,,,,,,,,,,,,,
,,,,,,,,,,,,,,,,,,,,,,
,,,,,,,,,,,,,,,,,,,,,,
,,,,,,,,,,,,,,,,,,,,,,
,,,,,,,,,,,,,,,,,,,,,,
,,,,,,,,,,,,,,,,,,,,,,
,,,,,,,,,,,,,,,,,,,,,,
,,,,,,,,,,,,,,,,,,,,,,
,,,,,,,,,,,,,,,,,,,,,,
,,,,,,,,,,,,,,,,,,,,,,
,,,,,,,,,,,,,,,,,,,,,,
,,,,,,,,,,,,,,,,,,,,,,
,,,,,,,,,,,,,,,,,,,,,,
,,,,,,,,,,,,,,,,,,,,,,
,,,,,,,,,,,,,,,,,,,,,,
,,,,,,,,,,,,,,,,,,,,,,
,,,,,,,,,,,,,,,,,,,,,,
,,,,,,,,,,,,,,,,,,,,,,
,,,,,,,,,,,,,,,,,,,,,,
,,,,,,,,,,,,,,,,,,,,,,
,,,,,,,,,,,,,,,,,,,,,,
,,,,,,,,,,,,,,,,,,,,,,
,,,,,,,,,,,,,,,,,,,,,,
,,,,,,,,,,,,,,,,,,,,,,
,,,,,,,,,,,,,,,,,,,,,,
,,,,,,,,,,,,,,,,,,,,,,
,,,,,,,,,,,,,,,,,,,,,,
,,,,,,,,,,,,,,,,,,,,,,
,,,,,,,,,,,,,,,,,,,,,,
,,,,,,,,,,,,,,,,,,,,,,
,,,,,,,,,,,,,,,,,,,,,,
,,,,,,,,,,,,,,,,,,,,,,
,,,,,,,,,,,,,,,,,,,,,,
,,,,,,,,,,,,,,,,,,,,,,
,,,,,,,,,,,,,,,,,,,,,,
,,,,,,,,,,,,,,,,,,,,,,
,,,,,,,,,,,,,,,,,,,,,,
,,,,,,,,,,,,,,,,,,,,,,
,,,,,,,,,,,,,,,,,,,,,,
,,,,,,,,,,,,,,,,,,,,,,
,,,,,,,,,,,,,,,,,,,,,,
,,,,,,,,,,,,,,,,,,,,,,
,,,,,,,,,,,,,,,,,,,,,,
,,,,,,,,,,,,,,,,,,,,,,
,,,,,,,,,,,,,,,,,,,,,,
,,,,,,,,,,,,,,,,,,,,,,
,,,,,,,,,,,,,,,,,,,,,,
,,,,,,,,,,,,,,,,,,,,,,
,,,,,,,,,,,,,,,,,,,,,,
,,,,,,,,,,,,,,,,,,,,,,
,,,,,,,,,,,,,,,,,,,,,,
,,,,,,,,,,,,,,,,,,,,,,
,,,,,,,,,,,,,,,,,,,,,,
,,,,,,,,,,,,,,,,,,,,,,
,,,,,,,,,,,,,,,,,,,,,,
,,,,,,,,,,,,,,,,,,,,,,
,,,,,,,,,,,,,,,,,,,,,,
,,,,,,,,,,,,,,,,,,,,,,
,,,,,,,,,,,,,,,,,,,,,,
,,,,,,,,,,,,,,,,,,,,,,
,,,,,,,,,,,,,,,,,,,,,,
,,,,,,,,,,,,,,,,,,,,,,
,,,,,,,,,,,,,,,,,,,,,,
,,,,,,,,,,,,,,,,,,,,,,
,,,,,,,,,,,,,,,,,,,,,,
,,,,,,,,,,,,,,,,,,,,,,
,,,,,,,,,,,,,,,,,,,,,,
,,,,,,,,,,,,,,,,,,,,,,
,,,,,,,,,,,,,,,,,,,,,,
,,,,,,,,,,,,,,,,,,,,,,
,,,,,,,,,,,,,,,,,,,,,,
,,,,,,,,,,,,,,,,,,,,,,
,,,,,,,,,,,,,,,,,,,,,,
,,,,,,,,,,,,,,,,,,,,,,
,,,,,,,,,,,,,,,,,,,,,,
,,,,,,,,,,,,,,,,,,,,,,
,,,,,,,,,,,,,,,,,,,,,,
,,,,,,,,,,,,,,,,,,,,,,
,,,,,,,,,,,,,,,,,,,,,,
,,,,,,,,,,,,,,,,,,,,,,
,,,,,,,,,,,,,,,,,,,,,,
,,,,,,,,,,,,,,,,,,,,,,
,,,,,,,,,,,,,,,,,,,,,,
,,,,,,,,,,,,,,,,,,,,,,
,,,,,,,,,,,,,,,,,,,,,,
,,,,,,,,,,,,,,,,,,,,,,
,,,,,,,,,,,,,,,,,,,,,,
,,,,,,,,,,,,,,,,,,,,,,
,,,,,,,,,,,,,,,,,,,,,,
,,,,,,,,,,,,,,,,,,,,,,
,,,,,,,,,,,,,,,,,,,,,,
,,,,,,,,,,,,,,,,,,,,,,
,,,,,,,,,,,,,,,,,,,,,,
,,,,,,,,,,,,,,,,,,,,,,
,,,,,,,,,,,,,,,,,,,,,,
,,,,,,,,,,,,,,,,,,,,,,
,,,,,,,,,,,,,,,,,,,,,,
,,,,,,,,,,,,,,,,,,,,,,
,,,,,,,,,,,,,,,,,,,,,,
,,,,,,,,,,,,,,,,,,,,,,
,,,,,,,,,,,,,,,,,,,,,,
,,,,,,,,,,,,,,,,,,,,,,
,,,,,,,,,,,,,,,,,,,,,,
,,,,,,,,,,,,,,,,,,,,,,
,,,,,,,,,,,,,,,,,,,,,,
,,,,,,,,,,,,,,,,,,,,,,
,,,,,,,,,,,,,,,,,,,,,,
,,,,,,,,,,,,,,,,,,,,,,
,,,,,,,,,,,,,,,,,,,,,,
,,,,,,,,,,,,,,,,,,,,,,
,,,,,,,,,,,,,,,,,,,,,,
,,,,,,,,,,,,,,,,,,,,,,
,,,,,,,,,,,,,,,,,,,,,,
,,,,,,,,,,,,,,,,,,,,,,
,,,,,,,,,,,,,,,,,,,,,,
,,,,,,,,,,,,,,,,,,,,,,
,,,,,,,,,,,,,,,,,,,,,,
,,,,,,,,,,,,,,,,,,,,,,
,,,,,,,,,,,,,,,,,,,,,,
,,,,,,,,,,,,,,,,,,,,,,
,,,,,,,,,,,,,,,,,,,,,,
,,,,,,,,,,,,,,,,,,,,,,
,,,,,,,,,,,,,,,,,,,,,,
,,,,,,,,,,,,,,,,,,,,,,
,,,,,,,,,,,,,,,,,,,,,,
,,,,,,,,,,,,,,,,,,,,,,
,,,,,,,,,,,,,,,,,,,,,,
,,,,,,,,,,,,,,,,,,,,,,
,,,,,,,,,,,,,,,,,,,,,,
,,,,,,,,,,,,,,,,,,,,,,
,,,,,,,,,,,,,,,,,,,,,,
,,,,,,,,,,,,,,,,,,,,,,
,,,,,,,,,,,,,,,,,,,,,,
,,,,,,,,,,,,,,,,,,,,,,
,,,,,,,,,,,,,,,,,,,,,,
,,,,,,,,,,,,,,,,,,,,,,
,,,,,,,,,,,,,,,,,,,,,,
,,,,,,,,,,,,,,,,,,,,,,
,,,,,,,,,,,,,,,,,,,,,,
,,,,,,,,,,,,,,,,,,,,,,
,,,,,,,,,,,,,,,,,,,,,,
,,,,,,,,,,,,,,,,,,,,,,
,,,,,,,,,,,,,,,,,,,,,,
,,,,,,,,,,,,,,,,,,,,,,
,,,,,,,,,,,,,,,,,,,,,,
,,,,,,,,,,,,,,,,,,,,,,
,,,,,,,,,,,,,,,,,,,,,,
,,,,,,,,,,,,,,,,,,,,,,
,,,,,,,,,,,,,,,,,,,,,,
,,,,,,,,,,,,,,,,,,,,,,
,,,,,,,,,,,,,,,,,,,,,,
,,,,,,,,,,,,,,,,,,,,,,
,,,,,,,,,,,,,,,,,,,,,,
,,,,,,,,,,,,,,,,,,,,,,
,,,,,,,,,,,,,,,,,,,,,,
,,,,,,,,,,,,,,,,,,,,,,
,,,,,,,,,,,,,,,,,,,,,,
,,,,,,,,,,,,,,,,,,,,,,
,,,,,,,,,,,,,,,,,,,,,,
,,,,,,,,,,,,,,,,,,,,,,
,,,,,,,,,,,,,,,,,,,,,,
,,,,,,,,,,,,,,,,,,,,,,
,,,,,,,,,,,,,,,,,,,,,,
,,,,,,,,,,,,,,,,,,,,,,
,,,,,,,,,,,,,,,,,,,,,,
,,,,,,,,,,,,,,,,,,,,,,
,,,,,,,,,,,,,,,,,,,,,,
,,,,,,,,,,,,,,,,,,,,,,
,,,,,,,,,,,,,,,,,,,,,,
,,,,,,,,,,,,,,,,,,,,,,
,,,,,,,,,,,,,,,,,,,,,,
,,,,,,,,,,,,,,,,,,,,,,
,,,,,,,,,,,,,,,,,,,,,,
,,,,,,,,,,,,,,,,,,,,,,
,,,,,,,,,,,,,,,,,,,,,,
,,,,,,,,,,,,,,,,,,,,,,
,,,,,,,,,,,,,,,,,,,,,,
,,,,,,,,,,,,,,,,,,,,,,
,,,,,,,,,,,,,,,,,,,,,,
,,,,,,,,,,,,,,,,,,,,,,
,,,,,,,,,,,,,,,,,,,,,,
,,,,,,,,,,,,,,,,,,,,,,
,,,,,,,,,,,,,,,,,,,,,,
,,,,,,,,,,,,,,,,,,,,,,
,,,,,,,,,,,,,,,,,,,,,,
,,,,,,,,,,,,,,,,,,,,,,
,,,,,,,,,,,,,,,,,,,,,,
,,,,,,,,,,,,,,,,,,,,,,
,,,,,,,,,,,,,,,,,,,,,,
,,,,,,,,,,,,,,,,,,,,,,
,,,,,,,,,,,,,,,,,,,,,,
,,,,,,,,,,,,,,,,,,,,,,
,,,,,,,,,,,,,,,,,,,,,,
,,,,,,,,,,,,,,,,,,,,,,
,,,,,,,,,,,,,,,,,,,,,,
,,,,,,,,,,,,,,,,,,,,,,
,,,,,,,,,,,,,,,,,,,,,,
,,,,,,,,,,,,,,,,,,,,,,
,,,,,,,,,,,,,,,,,,,,,,
,,,,,,,,,,,,,,,,,,,,,,
,,,,,,,,,,,,,,,,,,,,,,
,,,,,,,,,,,,,,,,,,,,,,
,,,,,,,,,,,,,,,,,,,,,,
,,,,,,,,,,,,,,,,,,,,,,
,,,,,,,,,,,,,,,,,,,,,,
,,,,,,,,,,,,,,,,,,,,,,
,,,,,,,,,,,,,,,,,,,,,,
,,,,,,,,,,,,,,,,,,,,,,
